Genome ID,phenotype
562.100421,0.0
562.10042,0.0
562.100771,0.0
562.100775,1.0
562.100774,0.0
562.100115,0.0
562.100117,0.0
562.100424,0.0
562.100425,0.0
562.100426,0.0
562.100776,0.0
562.10078,0.0
562.100781,0.0
562.100122,0.0
562.100427,1.0
562.100432,0.0
562.100434,0.0
562.100783,0.0
562.100787,0.0
562.100786,0.0
562.100789,0.0
562.100129,0.0
562.100436,0.0
562.100437,0.0
562.100439,0.0
562.10079,0.0
562.100795,0.0
562.100794,0.0
562.100797,0.0
562.10044,0.0
562.100445,0.0
562.100447,0.0
562.100801,0.0
562.100803,0.0
562.100804,0.0
562.100449,1.0
562.100143,0.0
562.100452,0.0
562.100454,0.0
562.100453,0.0
562.100807,0.0
562.100809,0.0
562.10081,0.0
562.100457,0.0
562.100459,0.0
562.100814,0.0
562.100817,0.0
562.100818,0.0
562.100463,0.0
562.100462,0.0
562.100466,0.0
562.100468,1.0
562.100471,0.0
562.98024,0.0
562.98141,0.0
562.98272,0.0
562.100474,0.0
562.100476,0.0
562.100475,1.0
562.98023,0.0
562.98136,0.0
562.98254,0.0
562.100319,0.0
562.100329,0.0
562.100336,0.0
562.97999,0.0
562.98133,0.0
562.98255,0.0
562.100366,0.0
562.100371,0.0
562.100372,0.0
562.98002,0.0
562.98138,0.0
562.100374,1.0
562.100375,1.0
562.100377,0.0
562.98003,0.0
562.9814,0.0
562.98245,0.0
562.100321,0.0
562.100323,0.0
562.100324,0.0
562.97989,0.0
562.98122,0.0
562.98246,0.0
562.10032,0.0
562.100326,0.0
562.100327,0.0
562.9797,0.0
562.98125,0.0
562.98248,0.0
562.100331,1.0
562.100334,0.0
562.100333,0.0
562.97991,0.0
562.98116,0.0
562.98249,0.0
562.100338,0.0
562.100339,0.0
562.10034,0.0
562.97993,0.0
562.98128,0.0
562.98386,0.0
562.100341,0.0
562.100342,0.0
562.100343,0.0
562.97997,0.0
562.98252,0.0
562.98384,0.0
562.100346,0.0
562.100345,0.0
562.100348,0.0
562.9812,0.0
562.98251,0.0
562.98388,0.0
562.100355,0.0
562.100356,0.0
562.100364,0.0
562.98,0.0
562.98131,0.0
562.98257,0.0
562.98394,0.0
562.98387,0.0
562.9839,0.0
562.98529,0.0
562.98704,0.0
562.98886,0.0
562.98887,0.0
562.99098,0.0
562.98392,0.0
562.98534,0.0
562.98535,0.0
562.98706,0.0
562.98889,0.0
562.98888,0.0
562.99071,0.0
562.98338,0.0
562.98536,0.0
562.98549,0.0
562.9871,0.0
562.98875,0.0
562.98878,0.0
562.99089,0.0
562.98385,0.0
562.9848,0.0
562.98523,0.0
562.987,0.0
562.98891,0.0
562.98893,1.0
562.99088,0.0
562.9834,0.0
562.98481,0.0
562.98537,0.0
562.98702,0.0
562.98894,0.0
562.98892,1.0
562.99078,0.0
562.98405,0.0
562.9855,0.0
562.98539,0.0
562.98713,0.0
562.98908,0.0
562.98868,0.0
562.99072,0.0
562.9798,0.0
562.98341,0.0
562.98526,0.0
562.98521,0.0
562.98694,0.0
562.98871,0.0
562.99063,0.0
562.99062,0.0
562.97984,0.0
562.98342,0.0
562.98525,0.0
562.98528,0.0
562.98657,0.0
562.98876,0.0
562.99066,0.0
562.9907,0.0
562.97971,0.0
562.98343,0.0
562.98517,0.0
562.98709,0.0
562.98703,0.0
562.98877,0.0
562.99069,0.0
562.99064,0.0
562.97992,0.0
562.984,0.0
562.98522,0.0
562.98708,0.0
562.98879,0.0
562.99095,0.0
562.99094,0.0
562.97994,0.0
562.98365,0.0
562.9853,0.0
562.98707,0.0
562.98658,0.0
562.98885,0.0
562.99074,0.0
562.97995,0.0
562.98383,0.0
562.98518,0.0
562.98705,0.0
562.98701,0.0
562.98881,0.0
562.99091,0.0
562.97996,0.0
562.98884,0.0
562.99093,0.0
562.99545,0.0
562.99805,0.0
562.100354,0.0
562.100633,0.0
562.100071,0.0
562.100072,0.0
562.98882,0.0
562.99302,0.0
562.99547,0.0
562.99803,0.0
562.100363,0.0
562.100641,0.0
562.100029,0.0
562.100074,0.0
562.98883,0.0
562.99303,0.0
562.99811,0.0
562.100365,0.0
562.100643,1.0
562.10008,0.0
562.100079,0.0
562.9889,0.0
562.99305,0.0
562.99549,0.0
562.99799,0.0
562.100373,0.0
562.100624,0.0
562.100043,0.0
562.100051,0.0
562.9888,0.0
562.99299,0.0
562.99556,0.0
562.99808,0.0
562.100368,0.0
562.100645,0.0
562.100085,0.0
562.100087,0.0
562.98895,0.0
562.99306,0.0
562.99552,0.0
562.9981,0.0
562.100376,0.0
562.100646,0.0
562.100089,0.0
562.100088,0.0
562.98905,0.0
562.99301,0.0
562.10009,0.0
562.100316,0.0
562.100626,0.0
562.100038,0.0
562.100039,0.0
562.98872,0.0
562.99295,0.0
562.99794,0.0
562.100042,0.0
562.100318,0.0
562.100627,0.0
562.100044,1.0
562.100045,0.0
562.99068,0.0
562.99796,0.0
562.100047,0.0
562.10033,0.0
562.100628,0.0
562.100049,0.0
562.10005,1.0
562.99538,0.0
562.99798,0.0
562.100052,0.0
562.100335,1.0
562.100054,0.0
562.100058,0.0
562.10006,0.0
562.99087,0.0
562.99543,0.0
562.99801,0.0
562.100059,1.0
562.100629,0.0
562.100056,0.0
562.100027,0.0
562.100061,1.0
562.99076,0.0
562.99541,0.0
562.99804,0.0
562.100063,0.0
562.10063,0.0
562.100062,0.0
562.100065,0.0
562.100066,0.0
562.10007,0.0
562.100067,0.0
562.100069,0.0
562.100351,0.0
562.100352,0.0
562.100635,0.0
562.100632,1.0
562.100068,0.0
562.100073,0.0
562.100075,0.0
562.100357,0.0
562.100358,1.0
562.100639,0.0
562.100638,1.0
562.100076,0.0
562.100077,0.0
562.100078,0.0
562.100362,0.0
562.10036,0.0
562.100642,0.0
562.100644,0.0
562.100081,0.0
562.100082,0.0
562.100083,0.0
562.100367,0.0
562.100574,0.0
562.100931,0.0
562.100903,0.0
562.100246,0.0
562.100248,0.0
562.100249,0.0
562.100601,1.0
562.100918,0.0
562.100925,0.0
562.100926,0.0
562.100257,0.0
562.100256,0.0
562.100254,0.0
562.100602,0.0
562.100929,0.0
562.100933,0.0
562.10026,0.0
562.100259,0.0
562.100262,0.0
562.100603,0.0
562.100935,1.0
562.100934,0.0
562.100234,0.0
562.100235,0.0
562.100236,0.0
562.100578,0.0
562.100904,0.0
562.100905,0.0
562.100237,0.0
562.100238,0.0
562.100239,0.0
562.100577,0.0
562.100906,0.0
562.100908,0.0
562.100242,0.0
562.100241,0.0
562.10024,0.0
562.100576,0.0
562.100909,0.0
562.100913,0.0
562.100245,0.0
562.100247,0.0
562.100575,0.0
562.100915,0.0
562.100916,0.0
562.100243,0.0
562.100917,0.0
562.98062,0.0
562.9831,0.0
562.98439,0.0
562.98584,0.0
562.98785,0.0
562.98996,0.0
562.98072,0.0
562.98201,0.0
562.98429,0.0
562.98581,0.0
562.98791,0.0
562.98997,0.0
562.98071,0.0
562.98315,0.0
562.98431,0.0
562.9843,0.0
562.98582,0.0
562.98788,0.0
562.98988,0.0
562.98198,0.0
562.98318,0.0
562.98441,0.0
562.9858,0.0
562.9859,0.0
562.98767,0.0
562.98982,0.0
562.98059,0.0
562.98178,0.0
562.98314,0.0
562.98446,0.0
562.98583,0.0
562.98585,0.0
562.98786,0.0
562.98992,0.0
562.98188,0.0
562.98316,0.0
562.98433,0.0
562.98593,0.0
562.98591,0.0
562.98798,0.0
562.98999,0.0
562.98056,0.0
562.98192,0.0
562.98347,0.0
562.98445,0.0
562.98587,0.0
562.98792,0.0
562.98776,0.0
562.98981,0.0
562.98052,0.0
562.98169,0.0
562.98296,0.0
562.98419,0.0
562.98567,0.0
562.9877,0.0
562.98772,0.0
562.98983,0.0
562.98051,0.0
562.98174,0.0
562.98302,1.0
562.98577,0.0
562.98774,0.0
562.98768,0.0
562.98985,0.0
562.98048,0.0
562.9818,0.0
562.98305,0.0
562.98428,0.0
562.98579,0.0
562.98769,0.0
562.98984,0.0
562.9805,0.0
562.98181,0.0
562.98313,0.0
562.98426,0.0
562.98572,0.0
562.98775,0.0
562.98986,0.0
562.9807,0.0
562.98176,0.0
562.98309,0.0
562.98425,0.0
562.98574,0.0
562.98789,0.0
562.98994,0.0
562.98993,0.0
562.99208,0.0
562.99207,0.0
562.99436,0.0
562.99684,0.0
562.99686,0.0
562.99919,0.0
562.100251,0.0
562.10058,0.0
562.99213,0.0
562.99211,0.0
562.99446,0.0
562.9969,0.0
562.99925,0.0
562.99921,0.0
562.100253,0.0
562.100583,0.0
562.9921,0.0
562.99214,0.0
562.99454,0.0
562.99694,0.0
562.99923,0.0
562.99922,0.0
562.100255,0.0
562.100586,0.0
562.99219,0.0
562.9922,0.0
562.99444,0.0
562.99699,0.0
562.99807,0.0
562.99817,0.0
562.100037,0.0
562.100328,0.0
562.99077,0.0
562.99097,0.0
562.99296,0.0
562.99555,0.0
562.99809,0.0
562.99812,0.0
562.100084,0.0
562.10037,0.0
562.9909,0.0
562.99307,0.0
562.99311,0.0
562.9955,0.0
562.99813,0.0
562.99814,0.0
562.100086,0.0
562.100378,0.0
562.99082,0.0
562.99309,0.0
562.99298,0.0
562.99551,0.0
562.99793,0.0
562.100036,0.0
562.100322,0.0
562.99073,0.0
562.99293,0.0
562.9929,0.0
562.99533,0.0
562.99795,1.0
562.100041,0.0
562.10004,0.0
562.100325,0.0
562.99067,0.0
562.9931,0.0
562.99529,0.0
562.99797,0.0
562.100046,0.0
562.100048,0.0
562.100332,0.0
562.99065,0.0
562.99537,0.0
562.9954,0.0
562.998,1.0
562.100053,0.0
562.100055,0.0
562.100337,0.0
562.99096,0.0
562.99542,0.0
562.99539,0.0
562.99802,0.0
562.100057,0.0
562.100344,0.0
562.99092,0.0
562.99546,0.0
562.99544,0.0
562.99806,0.0
562.100064,0.0
562.100347,1.0
562.100349,0.0
562.100631,0.0
562.100634,0.0
562.98121,0.0
562.9825,0.0
562.98398,0.0
562.98397,0.0
562.100359,0.0
562.100636,0.0
562.100637,0.0
562.98119,0.0
562.98258,0.0
562.98393,0.0
562.98389,0.0
562.100361,0.0
562.10064,0.0
562.97998,0.0
562.98132,0.0
562.98259,0.0
562.98391,0.0
562.993,0.0
562.100369,0.0
562.100617,0.0
562.98001,0.0
562.98137,0.0
562.98253,0.0
562.98348,0.0
562.99412,0.0
562.100585,0.0
562.10093,0.0
562.98126,0.0
562.98177,0.0
562.98308,0.0
562.98442,0.0
562.99453,0.0
562.100923,0.0
562.100928,0.0
562.98065,0.0
562.98196,0.0
562.98319,0.0
562.98438,0.0
562.99456,0.0
562.100927,0.0
562.100932,0.0
562.98057,0.0
562.98189,0.0
562.98324,0.0
562.98436,0.0
562.99458,0.0
562.100936,0.0
562.100937,0.0
562.98039,0.0
562.98172,0.0
562.98299,0.0
562.98418,0.0
562.99429,0.0
562.100902,0.0
562.100907,0.0
562.98053,0.0
562.9817,0.0
562.983,0.0
562.98421,0.0
562.99431,0.0
562.10091,0.0
562.98054,0.0
562.98173,0.0
562.98303,0.0
562.9842,0.0
562.100911,0.0
562.100912,0.0
562.98047,0.0
562.98182,0.0
562.98312,0.0
562.98424,0.0
562.99433,1.0
562.100914,0.0
562.100919,0.0
562.98061,0.0
562.98179,0.0
562.98427,0.0
562.98423,0.0
562.99435,1.0
562.99439,0.0
562.99688,0.0
562.99679,0.0
562.98058,0.0
562.98185,0.0
562.98311,0.0
562.99438,0.0
562.99441,0.0
562.99685,0.0
562.99689,0.0
562.98063,0.0
562.98184,0.0
562.99445,0.0
562.99455,0.0
562.99692,1.0
562.99695,0.0
562.98064,0.0
562.98199,0.0
562.99452,0.0
562.99442,0.0
562.99697,0.0
562.99698,0.0
562.98075,0.0
562.982,0.0
562.98317,0.0
562.9945,0.0
562.99243,0.0
562.99701,1.0
562.98049,0.0
562.98175,0.0
562.98306,0.0
562.99437,0.0
562.99691,0.0
562.997,0.0
562.98066,1.0
562.98191,0.0
562.98588,0.0
562.99451,1.0
562.99448,0.0
562.99702,0.0
562.98067,0.0
562.98323,0.0
562.98595,0.0
562.99447,0.0
562.99449,0.0
562.99704,0.0
562.99703,0.0
562.98037,0.0
562.98298,0.0
562.9857,0.0
562.99403,0.0
562.99677,0.0
562.99678,0.0
562.9967,0.0
562.98044,0.0
562.98297,0.0
562.98569,0.0
562.9943,0.0
562.99671,0.0
562.9968,0.0
562.99681,1.0
562.98171,0.0
562.98304,0.0
562.98571,0.0
562.99427,0.0
562.99683,0.0
562.99682,0.0
562.99687,0.0
562.98183,0.0
562.98307,0.0
562.98578,0.0
562.99434,0.0
562.98576,0.0
562.98575,0.0
562.98987,0.0
562.99206,0.0
562.9944,0.0
562.99918,0.0
562.100244,0.0
562.100579,0.0
562.100921,0.0
562.98573,0.0
562.98998,0.0
562.99209,0.0
562.99443,0.0
562.9992,0.0
562.10025,0.0
562.100581,0.0
562.10092,0.0
562.98991,0.0
562.99212,0.0
562.99693,1.0
562.99924,0.0
562.100252,0.0
562.115073,0.0
562.100582,0.0
562.100922,0.0
562.9879,0.0
562.98989,0.0
562.99221,0.0
562.99696,0.0
562.99926,0.0
562.100258,0.0
562.100588,0.0
562.100924,0.0
562.98787,0.0
562.9899,0.0
562.99248,0.0
562.99726,0.0
562.99927,0.0
562.100263,1.0
562.100587,0.0
562.100948,0.0
562.98822,0.0
562.99008,0.0
562.99498,0.0
562.99722,0.0
562.100277,0.0
562.100598,0.0
562.100599,0.0
562.100962,0.0
562.98825,0.0
562.99006,0.0
562.9948,0.0
562.99723,0.0
562.100279,0.0
562.100597,0.0
562.100596,0.0
562.100964,0.0
562.98831,0.0
562.9901,0.0
562.99491,0.0
562.99705,0.0
562.100261,0.0
562.100584,0.0
562.100938,0.0
562.10094,0.0
562.98794,0.0
562.99001,0.0
562.99459,0.0
562.99707,1.0
562.100266,0.0
562.100589,0.0
562.100942,0.0
562.100943,0.0
562.98804,0.0
562.99216,0.0
562.99457,0.0
562.99933,0.0
562.100267,0.0
562.100591,0.0
562.100945,0.0
562.100946,0.0
562.98816,0.0
562.99215,0.0
562.99465,0.0
562.99936,0.0
562.10027,0.0
562.10059,0.0
562.100949,0.0
562.99941,0.0
562.99015,0.0
562.99217,0.0
562.99939,0.0
562.100273,0.0
562.100592,1.0
562.10095,0.0
562.99942,0.0
562.99943,0.0
562.99946,1.0
562.98613,0.0
562.98212,0.0
562.98458,0.0
562.99948,1.0
562.99945,1.0
562.99951,0.0
562.98459,0.0
562.98623,0.0
562.98217,0.0
562.98461,0.0
562.99953,0.0
562.99954,0.0
562.99958,1.0
562.98467,0.0
562.98624,0.0
562.98218,0.0
562.98473,0.0
562.99959,0.0
562.9996,0.0
562.99961,0.0
562.98474,0.0
562.98622,0.0
562.98202,0.0
562.98637,0.0
562.99963,0.0
562.99965,0.0
562.98455,0.0
562.98479,0.0
562.98596,0.0
562.98187,0.0
562.9861,0.0
562.99947,0.0
562.99955,0.0
562.9847,0.0
562.98638,0.0
562.98636,0.0
562.98331,0.0
562.98618,1.0
562.99967,0.0
562.99966,0.0
562.98477,0.0
562.98632,0.0
562.9862,0.0
562.98077,0.0
562.98332,0.0
562.9863,0.0
562.99968,1.0
562.99971,0.0
562.98432,0.0
562.98589,0.0
562.98592,0.0
562.98074,0.0
562.9832,0.0
562.98599,0.0
562.99929,0.0
562.99928,0.0
562.98437,0.0
562.986,0.0
562.98069,0.0
562.98321,0.0
562.9993,0.0
562.99931,1.0
562.98444,0.0
562.98073,0.0
562.98328,0.0
562.99934,0.0
562.99935,0.0
562.9845,0.0
562.98611,0.0
562.98068,0.0
562.98453,0.0
562.98812,0.0
562.9994,0.0
562.99938,0.0
562.98457,0.0
562.98612,0.0
562.98076,0.0
562.98463,0.0
562.98809,0.0
562.99944,0.0
562.100953,0.0
562.98221,0.0
562.98335,0.0
562.98462,0.0
562.98609,0.0
562.99004,0.0
562.99469,1.0
562.9995,0.0
562.100954,0.0
562.98216,0.0
562.98334,0.0
562.98454,0.0
562.98824,0.0
562.99014,0.0
562.99497,1.0
562.99956,0.0
562.100957,0.0
562.9822,0.0
562.98337,0.0
562.98466,0.0
562.98823,0.0
562.99003,0.0
562.99499,1.0
562.99962,0.0
562.100956,0.0
562.98214,0.0
562.98333,0.0
562.98471,0.0
562.98818,0.0
562.99251,0.0
562.99479,0.0
562.100269,0.0
562.100961,1.0
562.98194,0.0
562.98326,0.0
562.98447,0.0
562.98808,0.0
562.99235,0.0
562.99718,0.0
562.100275,0.0
562.10096,0.0
562.98219,0.0
562.98329,0.0
562.98468,0.0
562.9882,0.0
562.99237,0.0
562.99724,1.0
562.100278,1.0
562.100963,0.0
562.98215,0.0
562.9833,0.0
562.98628,0.0
562.9883,0.0
562.99242,0.0
562.99727,1.0
562.10028,0.0
562.100939,0.0
562.98186,0.0
562.98325,0.0
562.98598,0.0
562.98793,0.0
562.9946,1.0
562.99706,0.0
562.100265,0.0
562.100941,0.0
562.98193,0.0
562.98322,0.0
562.98605,0.0
562.98805,1.0
562.99708,0.0
562.100264,0.0
562.100944,0.0
562.98195,0.0
562.98327,0.0
562.98617,0.0
562.98806,0.0
562.99464,1.0
562.99932,0.0
562.100268,0.0
562.100947,0.0
562.9819,0.0
562.98449,0.0
562.98608,0.0
562.98814,0.0
562.99466,1.0
562.99937,0.0
562.100951,0.0
562.98197,0.0
562.98336,0.0
562.9846,0.0
562.98615,0.0
562.99007,0.0
562.99016,0.0
562.99227,0.0
562.99463,1.0
562.99709,0.0
562.99949,0.0
562.100272,0.0
562.100593,0.0
562.100952,0.0
562.99005,0.0
562.99232,0.0
562.99468,0.0
562.99711,0.0
562.99952,0.0
562.100271,0.0
562.100594,0.0
562.100955,0.0
562.9902,0.0
562.9923,0.0
562.99493,0.0
562.99719,0.0
562.99957,0.0
562.100274,0.0
562.100958,0.0
562.99011,0.0
562.99225,0.0
562.995,0.0
562.99717,0.0
562.99964,0.0
562.100276,0.0
562.100595,0.0
562.100959,0.0
562.99002,0.0
562.99249,0.0
562.99325,0.0
562.99824,0.0
562.99816,0.0
562.100092,0.0
562.1006,0.0
562.100965,0.0
562.99009,0.0
562.99315,0.0
562.99822,0.0
562.100104,0.0
562.100106,0.0
562.100404,0.0
562.100747,0.0
562.99019,0.0
562.9924,0.0
562.99326,0.0
562.97944,0.0
562.99823,0.0
562.98083,0.0
562.98489,0.0
562.100107,0.0
562.98651,0.0
562.100412,0.0
562.9885,0.0
562.100413,0.0
562.99042,0.0
562.10076,0.0
562.98949,0.0
562.97942,0.0
562.99565,0.0
562.98081,0.0
562.99826,0.0
562.9849,0.0
562.100091,0.0
562.98649,0.0
562.100379,0.0
562.98845,0.0
562.100382,0.0
562.99047,0.0
562.100652,0.0
562.98904,0.0
562.99297,0.0
562.99553,0.0
562.97966,0.0
562.99818,0.0
562.9806,0.0
562.98476,0.0
562.100097,0.0
562.98626,0.0
562.98828,0.0
562.100384,0.0
562.99033,0.0
562.100661,0.0
562.99081,0.0
562.97938,0.0
562.99304,0.0
562.98085,0.0
562.99554,0.0
562.98486,0.0
562.98629,0.0
562.99819,0.0
562.98833,0.0
562.100094,0.0
562.99029,0.0
562.100387,0.0
562.100674,0.0
562.97946,0.0
562.98093,0.0
562.99075,0.0
562.98484,0.0
562.99308,0.0
562.98643,0.0
562.99567,0.0
562.9903,0.0
562.9982,0.0
562.100013,0.0
562.100391,0.0
562.100675,0.0
562.97945,0.0
562.9908,0.0
562.9809,0.0
562.99314,0.0
562.98488,0.0
562.99557,0.0
562.98646,0.0
562.99821,0.0
562.98835,0.0
562.100103,0.0
562.99038,0.0
562.100395,0.0
562.100696,0.0
562.97943,0.0
562.98088,0.0
562.98487,0.0
562.98007,0.0
562.98644,0.0
562.99079,0.0
562.98836,0.0
562.98256,0.0
562.99035,0.0
562.98723,0.0
562.98926,0.0
562.98928,0.0
562.98089,0.0
562.98346,0.0
562.98645,0.0
562.98013,0.0
562.98647,0.0
562.99083,0.0
562.98839,0.0
562.98261,0.0
562.98724,0.0
562.99036,0.0
562.9893,0.0
562.9795,0.0
562.98345,0.0
562.98018,0.0
562.98641,0.0
562.98146,0.0
562.9864,0.0
562.98263,0.0
562.98846,0.0
562.98725,0.0
562.99037,1.0
562.98912,0.0
562.98909,0.0
562.97951,0.0
562.98092,0.0
562.98021,0.0
562.98339,0.0
562.98142,0.0
562.98264,0.0
562.98642,0.0
562.98733,0.0
562.98924,0.0
562.98838,0.0
562.98913,0.0
562.99043,0.0
562.97941,0.0
562.98017,0.0
562.98091,0.0
562.98491,0.0
562.98156,0.0
562.98654,0.0
562.98279,0.0
562.98656,0.0
562.98842,0.0
562.98741,0.0
562.99039,0.0
562.98941,0.0
562.97947,0.0
562.98084,0.0
562.99137,0.0
562.98492,0.0
562.98655,0.0
562.98837,0.0
562.99044,0.0
562.98035,0.0
562.99041,0.0
562.99026,0.0
562.9816,0.0
562.99244,0.0
562.98283,0.0
562.99265,0.0
562.98759,0.0
562.99488,0.0
562.99489,0.0
562.98963,0.0
562.99757,0.0
562.99148,0.0
562.99763,0.0
562.100028,0.0
562.99045,0.0
562.99272,1.0
562.98161,0.0
562.99511,0.0
562.99762,0.0
562.99764,0.0
562.98285,0.0
562.99767,0.0
562.98765,0.0
562.100031,0.0
562.99046,0.0
562.98954,0.0
562.99279,0.0
562.99153,0.0
562.99273,0.0
562.99516,0.0
562.99766,0.0
562.98033,0.0
562.99765,0.0
562.98162,0.0
562.10003,0.0
562.98143,0.0
562.100006,0.0
562.98736,0.0
562.99027,0.0
562.98743,1.0
562.99239,0.0
562.98952,0.0
562.99481,0.0
562.99116,0.0
562.99483,0.0
562.99741,0.0
562.98022,0.0
562.99743,1.0
562.98135,0.0
562.100007,0.0
562.9827,0.0
562.98746,0.0
562.100009,1.0
562.98935,0.0
562.99032,0.0
562.98931,1.0
562.99128,0.0
562.99487,0.0
562.99484,0.0
562.98025,0.0
562.99742,0.0
562.98148,0.0
562.99745,0.0
562.98268,0.0
562.10001,0.0
562.98745,0.0
562.100012,0.0
562.98944,0.0
562.99031,0.0
562.98946,0.0
562.99256,0.0
562.9913,0.0
562.99496,0.0
562.99477,0.0
562.98015,0.0
562.99744,0.0
562.98151,0.0
562.99746,0.0
562.98278,0.0
562.100008,0.0
562.9875,0.0
562.100015,0.0
562.98943,0.0
562.99266,0.0
562.98938,0.0
562.99245,0.0
562.99134,0.0
562.99492,0.0
562.99482,0.0
562.98034,0.0
562.99747,0.0
562.99141,0.0
562.99748,0.0
562.98284,0.0
562.98744,0.0
562.100014,0.0
562.100019,0.0
562.98942,0.0
562.99253,0.0
562.9914,1.0
562.99139,0.0
562.99486,0.0
562.99144,0.0
562.99503,0.0
562.99749,0.0
562.9975,0.0
562.99619,0.0
562.100016,0.0
562.9962,0.0
562.99257,0.0
562.98154,0.0
562.99263,0.0
562.99143,0.0
562.99473,0.0
562.99145,0.0
562.99478,0.0
562.99361,0.0
562.99753,0.0
562.99752,0.0
562.99623,0.0
562.100017,0.0
562.99625,0.0
562.97949,0.0
562.99258,0.0
562.98155,0.0
562.99259,0.0
562.99147,0.0
562.9949,0.0
562.99495,0.0
562.99365,0.0
562.99751,1.0
562.99363,0.0
562.99755,0.0
562.99364,0.0
562.100024,0.0
562.99628,0.0
562.98841,0.0
562.9963,0.0
562.9926,0.0
562.99261,0.0
562.98158,0.0
562.9951,0.0
562.99157,0.0
562.99512,0.0
562.9937,0.0
562.99758,0.0
562.99373,0.0
562.9976,1.0
562.99632,1.0
562.10002,0.0
562.99633,1.0
562.98832,0.0
562.99268,0.0
562.98159,0.0
562.99267,0.0
562.99156,0.0
562.99513,0.0
562.99374,0.0
562.99514,0.0
562.99761,0.0
562.99644,0.0
562.100025,0.0
562.99592,0.0
562.9904,0.0
562.100026,0.0
562.9815,0.0
562.10031,0.0
562.99135,0.0
562.100312,0.0
562.100313,0.0
562.100615,0.0
562.100614,1.0
562.9826,0.0
562.99635,0.0
562.99561,0.0
562.99636,0.0
562.100093,0.0
562.100385,1.0
562.98157,0.0
562.100389,0.0
562.99149,0.0
562.100392,0.0
562.99376,0.0
562.100704,0.0
562.99377,0.0
562.10071,0.0
562.99382,0.0
562.98262,0.0
562.9964,0.0
562.99564,0.0
562.99642,1.0
562.100105,0.0
562.100405,1.0
562.98288,0.0
562.100406,0.0
562.99155,0.0
562.100746,0.0
562.99392,0.0
562.100749,0.0
562.99393,0.0
562.100751,1.0
562.9965,0.0
562.98267,1.0
562.99587,0.0
562.99566,0.0
562.99589,0.0
562.100108,0.0
562.98139,0.0
562.100407,0.0
562.100414,0.0
562.98269,0.0
562.100758,0.0
562.100762,0.0
562.99328,1.0
562.100763,0.0
562.99332,0.0
562.98213,0.0
562.99825,0.0
562.99595,0.0
562.100011,0.0
562.100415,0.0
562.98147,0.0
562.10038,0.0
562.98271,0.0
562.100648,0.0
562.99129,0.0
562.100651,0.0
562.99346,0.0
562.100655,0.0
562.99354,0.0
562.98401,1.0
562.99602,0.0
562.99815,0.0
562.99601,0.0
562.100095,0.0
562.100381,0.0
562.98149,0.0
562.100383,0.0
562.98275,0.0
562.100663,0.0
562.99133,0.0
562.100658,0.0
562.100665,1.0
562.98404,0.0
562.99609,0.0
562.100098,0.0
562.9961,0.0
562.100096,0.0
562.100386,0.0
562.98152,0.0
562.100388,0.0
562.98274,0.0
562.100667,0.0
562.99138,0.0
562.100682,0.0
562.10068,1.0
562.98402,0.0
562.1001,0.0
562.99614,0.0
562.100099,0.0
562.99615,0.0
562.10039,0.0
562.100393,0.0
562.98153,0.0
562.100683,1.0
562.98282,0.0
562.100685,0.0
562.98276,0.0
562.100689,0.0
562.98409,0.0
562.98403,0.0
562.98408,0.0
562.100102,0.0
562.100101,0.0
562.98555,0.0
562.100394,0.0
562.98749,0.0
562.100396,0.0
562.98747,0.0
562.100698,0.0
562.98934,0.0
562.100701,0.0
562.98277,0.0
562.100699,0.0
562.98406,0.0
562.98542,0.0
562.98412,0.0
562.100397,0.0
562.98558,0.0
562.100398,0.0
562.98556,0.0
562.100399,0.0
562.98748,0.0
562.100401,0.0
562.98752,0.0
562.98958,0.0
562.100707,0.0
562.9828,0.0
562.100711,0.0
562.98411,0.0
562.98011,0.0
562.98413,0.0
562.99085,0.0
562.98559,0.0
562.1004,0.0
562.98563,0.0
562.100402,0.0
562.98751,0.0
562.100403,0.0
562.100408,0.0
562.98756,0.0
562.98961,0.0
562.100719,0.0
562.100722,0.0
562.98273,0.0
562.98134,0.0
562.98415,0.0
562.99313,0.0
562.98414,0.0
562.100724,0.0
562.98564,0.0
562.10041,0.0
562.98561,1.0
562.100409,0.0
562.98758,0.0
562.100411,0.0
562.98764,0.0
562.100729,0.0
562.98964,0.0
562.100611,0.0
562.98281,0.0
562.98144,0.0
562.98417,0.0
562.99312,0.0
562.98422,0.0
562.100733,0.0
562.98586,0.0
562.98727,0.0
562.98639,0.0
562.98829,0.0
562.9802,0.0
562.98795,0.0
562.100736,0.0
562.100612,0.0
562.100737,0.0
562.98464,0.0
562.100738,0.0
562.98456,0.0
562.100739,0.0
562.98621,0.0
562.98914,0.0
562.98631,0.0
562.98635,0.0
562.98004,0.0
562.98819,0.0
562.100742,1.0
562.98821,0.0
562.100764,0.0
562.100657,0.0
562.98469,0.0
562.100668,0.0
562.98472,0.0
562.100687,0.0
562.98619,0.0
562.98923,0.0
562.98634,0.0
562.98633,0.0
562.100726,0.0
562.100735,0.0
562.98826,0.0
562.100743,0.0
562.98827,0.0
562.100745,0.0
562.100744,0.0
562.98478,0.0
562.100613,1.0
562.98475,0.0
562.99086,0.0
562.98627,0.0
562.98019,0.0
562.10075,0.0
562.98625,0.0
562.100753,0.0
562.98594,0.0
562.100756,0.0
562.98797,0.0
562.98799,0.0
562.100754,0.0
562.100755,0.0
562.98995,0.0
562.100757,0.0
562.9844,0.0
562.98435,0.0
562.98016,0.0
562.98597,0.0
562.100761,0.0
562.98601,0.0
562.10077,0.0
562.98602,0.0
562.100765,0.0
562.98796,1.0
562.100649,0.0
562.98801,0.0
562.100647,0.0
562.99021,0.0
562.10065,0.0
562.98434,0.0
562.98443,0.0
562.98604,0.0
562.98005,0.0
562.100654,0.0
562.98603,0.0
562.100653,0.0
562.988,0.0
562.10066,0.0
562.100664,0.0
562.98802,0.0
562.100662,0.0
562.98803,0.0
562.100659,0.0
562.99,0.0
562.98009,0.0
562.10067,0.0
562.98448,0.0
562.100669,0.0
562.98451,0.0
562.98616,0.0
562.114625,1.0
562.114631,1.0
562.114626,1.0
562.11463,1.0
562.114633,0.0
562.114632,0.0
1328432.3,0.0
1328433.3,1.0
1328434.3,1.0
1438684.3,1.0
1438685.3,1.0
1438686.3,1.0
562.114672,1.0
562.114673,1.0
562.14415,1.0
562.144151,0.0
562.144152,1.0
562.144153,1.0
562.144154,1.0
562.144155,0.0
562.144156,1.0
562.144157,1.0
562.144158,0.0
562.144159,1.0
562.14416,1.0
562.144166,1.0
562.144165,0.0
562.144161,1.0
562.144163,1.0
562.144164,1.0
562.144162,0.0
562.144168,1.0
562.144169,1.0
562.144167,1.0
562.144171,0.0
562.14417,1.0
562.144173,0.0
562.144172,0.0
562.144174,0.0
562.144175,0.0
562.144177,1.0
562.144176,1.0
562.144178,1.0
562.144181,1.0
562.144179,1.0
562.14418,1.0
562.144182,1.0
562.144183,1.0
562.144184,1.0
562.144185,1.0
562.144187,1.0
562.144188,1.0
562.144186,1.0
562.144195,1.0
562.144194,0.0
562.144193,0.0
562.144191,0.0
562.144189,1.0
562.144192,1.0
562.14419,1.0
562.144202,0.0
562.144198,0.0
562.144197,1.0
562.144196,1.0
562.144199,0.0
562.144201,1.0
562.1442,0.0
562.144207,1.0
562.144205,1.0
562.144203,1.0
562.144206,0.0
562.144204,1.0
562.144209,1.0
562.144208,1.0
562.14421,1.0
562.144212,1.0
562.144211,1.0
562.144214,1.0
562.144213,1.0
562.144216,1.0
562.144221,1.0
562.144215,0.0
562.144218,1.0
562.144217,0.0
562.14422,1.0
562.144219,1.0
562.144222,0.0
562.144223,1.0
562.144224,1.0
562.144225,1.0
562.14423,1.0
562.144226,1.0
562.144229,1.0
562.144232,1.0
562.144227,1.0
562.144228,0.0
562.144231,0.0
562.144233,0.0
562.144236,1.0
562.144237,1.0
562.144241,1.0
562.144234,1.0
562.144235,0.0
562.14424,0.0
562.144239,1.0
562.144238,0.0
562.144243,0.0
562.144244,1.0
562.14425,1.0
562.144245,1.0
562.144247,1.0
562.144251,1.0
562.144246,1.0
562.144249,1.0
562.144242,0.0
562.144248,1.0
562.144252,0.0
562.144253,1.0
562.144254,1.0
562.144255,1.0
562.144256,0.0
562.144257,1.0
562.145439,0.0
562.144258,1.0
562.144259,1.0
562.14426,1.0
562.144261,1.0
562.144262,1.0
562.144266,1.0
562.144264,1.0
562.144265,1.0
562.144263,1.0
562.144267,1.0
562.144268,0.0
562.144269,0.0
562.14427,1.0
562.144271,1.0
562.144272,1.0
562.144273,1.0
562.144275,1.0
562.144274,1.0
562.144277,1.0
562.144276,1.0
562.144278,0.0
562.144279,1.0
562.14428,1.0
562.144281,1.0
562.144283,1.0
562.144282,0.0
562.144284,1.0
562.144286,1.0
562.144287,0.0
562.144288,0.0
562.14429,0.0
562.144289,1.0
562.144291,1.0
562.144294,1.0
562.144297,1.0
562.144295,1.0
562.144296,1.0
562.144293,1.0
562.144298,1.0
562.1443,0.0
562.144299,1.0
562.144301,0.0
562.144304,1.0
562.144302,1.0
562.144303,1.0
562.144307,1.0
562.144306,1.0
562.144305,1.0
562.144308,0.0
562.144309,1.0
562.144314,1.0
562.144315,0.0
562.14431,1.0
562.144312,1.0
562.144323,1.0
562.144313,1.0
562.144311,1.0
562.144321,0.0
562.144322,0.0
562.14432,1.0
562.144319,0.0
562.144318,1.0
562.144317,1.0
562.144326,1.0
562.144325,1.0
562.144316,1.0
562.144324,1.0
562.14433,1.0
562.144335,1.0
562.144331,1.0
562.144333,1.0
562.144334,1.0
562.144332,1.0
562.144329,1.0
562.144327,1.0
562.144328,1.0
562.2256,0.0
562.22782,0.0
562.23244,0.0
562.23267,0.0
562.23563,0.0
562.2356,0.0
562.22824,0.0
562.23245,0.0
562.23869,1.0
562.23814,1.0
562.23807,0.0
562.23366,0.0
562.23529,0.0
562.2276,0.0
562.23536,0.0
562.23759,0.0
562.23232,0.0
562.22751,0.0
562.23866,0.0
562.23786,0.0
562.2269,0.0
562.23166,0.0
562.23743,1.0
562.22662,0.0
562.22687,0.0
562.22988,0.0
562.23472,0.0
562.2351,0.0
562.22996,0.0
562.23771,0.0
562.22639,0.0
562.22741,0.0
562.22764,1.0
562.22792,0.0
562.23044,0.0
562.22981,0.0
562.2278,0.0
562.22582,0.0
562.22791,0.0
562.23064,0.0
562.23195,1.0
562.23165,0.0
562.23808,0.0
562.23285,0.0
562.23603,0.0
562.2363,0.0
562.23773,0.0
562.23088,0.0
562.23892,0.0
562.22599,0.0
562.22675,0.0
562.22743,0.0
562.22503,1.0
562.23788,0.0
562.22757,0.0
562.23216,0.0
562.23641,0.0
562.22464,0.0
562.22562,0.0
562.22933,0.0
562.22997,0.0
562.23052,0.0
562.238,1.0
562.23494,1.0
562.2347,0.0
562.23435,0.0
562.23391,1.0
562.23717,0.0
562.23721,0.0
562.23897,0.0
562.23878,0.0
562.23685,0.0
562.22522,0.0
562.22809,0.0
562.22608,0.0
562.23298,0.0
562.2329,0.0
562.23697,0.0
562.23774,0.0
562.23906,0.0
562.2349,0.0
562.22796,0.0
562.23208,0.0
562.23431,0.0
562.2259,0.0
562.22699,0.0
562.22716,0.0
562.23825,0.0
562.22449,0.0
562.22763,0.0
562.23904,0.0
562.22466,0.0
562.2248,0.0
562.22453,0.0
562.22807,0.0
562.23004,0.0
562.23514,0.0
562.23582,0.0
562.22505,0.0
562.2293,0.0
562.23643,0.0
562.23142,0.0
562.23439,0.0
562.22921,0.0
562.23762,0.0
562.23138,0.0
562.23101,0.0
562.23607,0.0
562.23728,0.0
562.23477,0.0
562.22487,0.0
562.22493,0.0
562.2258,0.0
562.22625,0.0
562.22654,0.0
562.22667,0.0
562.22678,0.0
562.2274,0.0
562.22795,0.0
562.22823,0.0
562.22945,0.0
562.23223,0.0
562.23263,0.0
562.23873,0.0
562.23318,0.0
562.23424,0.0
562.23824,0.0
562.23344,0.0
562.2336,0.0
562.23407,0.0
562.23557,0.0
562.23686,0.0
562.23665,0.0
562.23707,0.0
562.2378,0.0
562.23035,0.0
562.23036,0.0
562.22645,0.0
562.22731,0.0
562.22925,0.0
562.22993,0.0
562.23019,0.0
562.23522,0.0
562.22589,0.0
562.23787,0.0
562.2333,1.0
562.23364,0.0
562.22628,0.0
562.23576,0.0
562.2297,0.0
562.23368,0.0
562.22614,0.0
562.23177,0.0
562.22586,0.0
562.22765,0.0
562.22913,0.0
562.22918,0.0
562.2292,0.0
562.23928,0.0
562.22942,0.0
562.2314,0.0
562.23029,0.0
562.23078,0.0
562.23079,0.0
562.23098,0.0
562.23129,0.0
562.23171,0.0
562.2317,0.0
562.23387,0.0
562.2353,0.0
562.23434,0.0
562.23553,0.0
562.23373,0.0
562.23535,1.0
562.23562,0.0
562.23507,1.0
562.23765,0.0
562.23645,0.0
562.23888,0.0
562.23345,0.0
562.22527,0.0
562.22583,0.0
562.23233,0.0
562.23796,0.0
562.23117,0.0
562.23486,0.0
562.23462,0.0
562.23837,0.0
562.22652,0.0
562.22749,0.0
562.2315,0.0
562.23125,0.0
562.23126,0.0
562.23279,0.0
562.23484,0.0
562.23828,0.0
562.23699,0.0
562.23747,0.0
562.23749,0.0
562.23024,0.0
562.2392,0.0
562.22875,0.0
562.23383,0.0
562.23184,0.0
562.23836,0.0
562.23288,0.0
562.23624,0.0
562.22431,0.0
562.23286,1.0
562.23859,0.0
562.23452,0.0
562.23734,1.0
562.22429,0.0
562.23134,0.0
562.23047,1.0
562.23369,1.0
562.23682,0.0
562.22436,0.0
562.22521,0.0
562.23178,0.0
562.23406,0.0
562.2367,0.0
562.23827,0.0
562.23675,0.0
562.22511,0.0
562.22445,0.0
562.22543,1.0
562.22612,0.0
562.22646,0.0
562.22685,0.0
562.22691,0.0
562.22755,0.0
562.22876,0.0
562.22778,0.0
562.22814,0.0
562.22815,0.0
562.23023,0.0
562.23025,0.0
562.23326,0.0
562.23456,0.0
562.23328,0.0
562.23509,0.0
562.23614,0.0
562.23907,0.0
562.23848,0.0
562.22524,0.0
562.22532,0.0
562.2257,0.0
562.22627,0.0
562.22872,0.0
562.22825,0.0
562.23152,1.0
562.2303,0.0
562.23105,0.0
562.23175,0.0
562.23207,0.0
562.23861,0.0
562.23419,0.0
562.23547,0.0
562.23931,0.0
562.23882,0.0
562.23587,0.0
562.23635,0.0
562.22779,0.0
562.22909,0.0
562.23453,0.0
562.22435,0.0
562.22461,0.0
562.22471,0.0
562.22473,0.0
562.22484,0.0
562.22485,0.0
562.22515,0.0
562.22544,0.0
562.22546,0.0
562.22548,0.0
562.22602,0.0
562.23854,0.0
562.22619,0.0
562.22636,0.0
562.22672,0.0
562.22676,0.0
562.22688,0.0
562.22693,0.0
562.22735,0.0
562.22772,0.0
562.22785,0.0
562.22786,0.0
562.2288,0.0
562.22929,0.0
562.23927,0.0
562.22989,0.0
562.23058,0.0
562.2306,0.0
562.23092,0.0
562.23116,0.0
562.23186,0.0
562.23246,0.0
562.2325,0.0
562.23158,0.0
562.23264,0.0
562.23265,0.0
562.23278,0.0
562.23801,0.0
562.2342,0.0
562.23436,0.0
562.2344,0.0
562.23441,0.0
562.23467,0.0
562.23327,0.0
562.23341,0.0
562.2337,0.0
562.2339,0.0
562.23503,0.0
562.23521,0.0
562.23817,0.0
562.23525,0.0
562.23538,0.0
562.23862,1.0
562.23879,0.0
562.23831,0.0
562.23573,0.0
562.23618,0.0
562.236,0.0
562.23839,0.0
562.23612,0.0
562.23893,0.0
562.23616,0.0
562.23621,0.0
562.23626,0.0
562.23639,0.0
562.23648,0.0
562.237,0.0
562.23723,0.0
562.23724,0.0
562.23898,0.0
562.2374,0.0
562.23902,0.0
562.23784,0.0
562.23014,0.0
562.2247,0.0
562.23589,0.0
562.22661,0.0
562.23613,0.0
562.22474,0.0
562.22489,0.0
562.22506,0.0
562.22609,0.0
562.23214,0.0
562.23227,0.0
562.23162,0.0
562.23268,0.0
562.23875,0.0
562.23312,0.0
562.23313,0.0
562.23423,0.0
562.23498,0.0
562.23442,0.0
562.23513,0.0
562.23924,0.0
562.2357,0.0
562.23585,0.0
562.23708,0.0
562.23761,0.0
562.23354,0.0
562.2388,0.0
562.23735,0.0
562.2251,0.0
562.22517,0.0
562.22698,0.0
562.22752,0.0
562.22915,0.0
562.23137,0.0
562.2304,0.0
562.23051,0.0
562.23425,0.0
562.23918,0.0
562.23627,0.0
562.23651,0.0
562.23698,0.0
562.22563,0.0
562.22576,0.0
562.22703,0.0
562.22726,0.0
562.22753,0.0
562.22793,0.0
562.22801,0.0
562.22917,0.0
562.22926,0.0
562.22931,0.0
562.23015,0.0
562.23799,0.0
562.2322,0.0
562.23274,0.0
562.23289,0.0
562.23324,0.0
562.23417,0.0
562.23552,0.0
562.23449,0.0
562.23337,0.0
562.23378,0.0
562.23667,0.0
562.23672,0.0
562.23715,0.0
562.23843,0.0
562.22459,0.0
562.22468,0.0
562.23213,0.0
562.22479,1.0
562.22567,0.0
562.22673,0.0
562.23466,0.0
562.23205,0.0
562.23287,0.0
562.23658,0.0
562.2391,0.0
562.22618,1.0
562.23447,0.0
562.23528,0.0
562.22457,0.0
562.22481,1.0
562.22708,0.0
562.23076,1.0
562.23255,0.0
562.23499,0.0
562.23481,0.0
562.23384,0.0
562.23901,0.0
562.22433,0.0
562.22437,0.0
562.22447,0.0
562.22482,0.0
562.2249,0.0
562.22494,0.0
562.22549,0.0
562.2255,0.0
562.22558,0.0
562.22559,0.0
562.22573,0.0
562.22585,0.0
562.22604,0.0
562.22709,0.0
562.22711,0.0
562.22629,0.0
562.22649,0.0
562.22659,0.0
562.22666,0.0
562.22668,0.0
562.22705,0.0
562.22723,0.0
562.22729,0.0
562.22732,0.0
562.22736,0.0
562.22803,0.0
562.22804,0.0
562.2291,0.0
562.22948,0.0
562.22951,0.0
562.22955,0.0
562.22956,0.0
562.22963,0.0
562.22991,0.0
562.22992,0.0
562.22998,0.0
562.23007,0.0
562.23048,0.0
562.23062,0.0
562.23075,0.0
562.23864,0.0
562.23099,0.0
562.23856,0.0
562.23123,0.0
562.23128,0.0
562.2318,0.0
562.23193,0.0
562.23198,0.0
562.23202,0.0
562.23157,0.0
562.23217,0.0
562.23164,0.0
562.23236,0.0
562.23238,0.0
562.23242,0.0
562.23251,0.0
562.23252,0.0
562.23257,0.0
562.23803,0.0
562.2328,0.0
562.23301,0.0
562.23319,0.0
562.23479,0.0
562.23444,0.0
562.23333,0.0
562.23335,0.0
562.23339,0.0
562.2334,0.0
562.23517,0.0
562.23349,0.0
562.23352,0.0
562.23355,0.0
562.23917,0.0
562.23504,0.0
562.23506,0.0
562.23512,0.0
562.23516,0.0
562.23518,0.0
562.23527,0.0
562.23414,0.0
562.23921,0.0
562.23564,0.0
562.23829,0.0
562.23611,0.0
562.23891,0.0
562.2362,0.0
562.23649,0.0
562.23652,0.0
562.2369,0.0
562.23847,0.0
562.23726,0.0
562.23731,0.0
562.23845,0.0
562.23748,0.0
562.23752,0.0
562.23755,0.0
562.23764,0.0
562.23163,0.0
562.22817,0.0
562.22633,0.0
562.2272,0.0
562.22495,0.0
562.2295,0.0
562.23438,0.0
562.22984,1.0
562.23174,0.0
562.23469,0.0
562.23657,0.0
562.22746,0.0
562.2254,0.0
562.22663,0.0
562.2309,0.0
562.23093,0.0
562.23241,0.0
562.233,0.0
562.23915,0.0
562.23597,0.0
562.23655,0.0
562.23696,0.0
562.23711,0.0
562.23905,0.0
562.22664,0.0
562.2246,0.0
562.22476,0.0
562.22651,0.0
562.23826,0.0
562.23663,0.0
562.22607,0.0
562.22972,0.0
562.23063,0.0
562.23362,0.0
562.23673,0.0
562.23712,0.0
562.22439,0.0
562.22568,0.0
562.22682,0.0
562.22877,0.0
562.22924,0.0
562.2301,0.0
562.23084,0.0
562.23224,0.0
562.23343,0.0
562.23381,0.0
562.23703,0.0
562.2368,0.0
562.23841,0.0
562.23776,0.0
562.22936,0.0
562.22508,0.0
562.22516,0.0
562.23005,0.0
562.23473,0.0
562.23367,0.0
562.22432,1.0
562.2244,0.0
562.22442,0.0
562.22455,0.0
562.22465,0.0
562.22478,1.0
562.22483,0.0
562.22488,1.0
562.22491,1.0
562.22499,0.0
562.22514,0.0
562.22518,1.0
562.22536,1.0
562.22539,0.0
562.22541,1.0
562.22551,0.0
562.22555,0.0
562.22561,0.0
562.22565,0.0
562.22588,1.0
562.22595,0.0
562.22596,0.0
562.22597,0.0
562.22601,0.0
562.2261,0.0
562.22611,1.0
562.2262,0.0
562.22622,0.0
562.22626,0.0
562.2263,0.0
562.22631,0.0
562.22635,0.0
562.22637,0.0
562.22642,0.0
562.2265,0.0
562.22655,1.0
562.22657,0.0
562.22669,1.0
562.2267,0.0
562.22671,0.0
562.2268,1.0
562.22694,0.0
562.23792,1.0
562.23791,0.0
562.22717,1.0
562.22718,0.0
562.22733,1.0
562.22754,1.0
562.22762,0.0
562.22766,0.0
562.22768,1.0
562.22773,0.0
562.22783,1.0
562.22784,0.0
562.22878,0.0
562.22879,0.0
562.22797,0.0
562.22806,0.0
562.22811,1.0
562.22813,1.0
562.2282,0.0
562.22821,1.0
562.22822,1.0
562.2296,0.0
562.23018,0.0
562.23028,0.0
562.23144,1.0
562.23032,0.0
562.23053,0.0
562.23061,0.0
562.23065,0.0
562.23066,0.0
562.23068,0.0
562.23074,0.0
562.23096,0.0
562.231,0.0
562.23108,0.0
562.23112,0.0
562.23858,0.0
562.23167,0.0
562.23172,1.0
562.23181,1.0
562.23189,1.0
562.23191,0.0
562.23194,1.0
562.23199,0.0
562.232,0.0
562.23212,1.0
562.23226,1.0
562.23229,1.0
562.23231,0.0
562.23235,0.0
562.23239,0.0
562.23248,0.0
562.23159,0.0
562.23793,0.0
562.23259,0.0
562.23261,0.0
562.23269,0.0
562.23874,1.0
562.23804,1.0
562.23273,1.0
562.23282,0.0
562.23284,1.0
562.23297,0.0
562.23305,0.0
562.23306,1.0
562.23307,0.0
562.23311,1.0
562.23321,0.0
562.23428,1.0
562.23532,0.0
562.23493,0.0
562.23451,1.0
562.23454,1.0
562.23457,1.0
562.23458,1.0
562.23461,1.0
562.23463,1.0
562.23501,1.0
562.23474,0.0
562.23478,0.0
562.2348,0.0
562.23483,0.0
562.2341,0.0
562.23487,1.0
562.23488,1.0
562.23393,0.0
562.23329,0.0
562.23336,0.0
562.23338,1.0
562.23347,0.0
562.23348,0.0
562.23351,0.0
562.23359,0.0
562.23365,1.0
562.23823,0.0
562.23375,1.0
562.23377,1.0
562.2386,1.0
562.23884,1.0
562.23822,0.0
562.23395,1.0
562.23396,1.0
562.23397,0.0
562.23593,0.0
562.23398,1.0
562.23403,1.0
562.23405,0.0
562.23571,0.0
562.23883,0.0
562.23505,1.0
562.23821,1.0
562.2382,0.0
562.23819,0.0
562.23832,0.0
562.23539,0.0
562.23881,0.0
562.23542,0.0
562.23413,1.0
562.23412,0.0
562.23558,1.0
562.23551,0.0
562.23572,0.0
562.2383,0.0
562.23574,1.0
562.23923,0.0
562.23565,0.0
562.23566,1.0
562.23567,0.0
562.23371,0.0
562.23508,1.0
562.23399,0.0
562.23401,0.0
562.23633,0.0
562.2361,0.0
562.23615,1.0
562.23617,0.0
562.23623,1.0
562.23631,0.0
562.23642,0.0
562.23644,0.0
562.23646,1.0
562.23653,0.0
562.23659,0.0
562.23664,0.0
562.23727,1.0
562.239,0.0
562.23899,1.0
562.23737,1.0
562.23738,0.0
562.23741,0.0
562.23844,0.0
562.2375,0.0
562.23895,1.0
562.23894,1.0
562.23911,1.0
562.23758,0.0
562.2376,0.0
562.23909,1.0
562.2385,1.0
562.23769,1.0
562.23849,0.0
562.22692,0.0
562.22643,0.0
562.23756,0.0
562.22428,0.0
562.22444,0.0
562.22446,0.0
562.22572,0.0
562.22613,0.0
562.22644,0.0
562.22683,0.0
562.22686,0.0
562.22787,1.0
562.22812,0.0
562.23136,0.0
562.22922,0.0
562.2294,0.0
562.22973,0.0
562.23011,0.0
562.2302,0.0
562.23146,0.0
562.23147,0.0
562.23033,0.0
562.2305,0.0
562.23085,0.0
562.23113,0.0
562.23182,0.0
562.23196,0.0
562.23211,0.0
562.23161,0.0
562.23806,0.0
562.23805,0.0
562.23802,0.0
562.23308,0.0
562.23812,0.0
562.23811,0.0
562.23388,0.0
562.23602,0.0
562.23666,0.0
562.23687,0.0
562.23688,0.0
562.23739,0.0
562.23751,0.0
562.23777,0.0
562.22477,0.0
562.22529,1.0
562.22679,0.0
562.22954,0.0
562.22507,0.0
562.2252,0.0
562.22538,0.0
562.22564,0.0
562.22617,0.0
562.22632,0.0
562.22647,0.0
562.23867,0.0
562.22721,0.0
562.22727,0.0
562.22728,0.0
562.22737,0.0
562.22767,0.0
562.23935,0.0
562.22969,0.0
562.23148,0.0
562.23049,0.0
562.23067,0.0
562.23794,0.0
562.23155,0.0
562.23192,0.0
562.23222,0.0
562.2327,0.0
562.23299,0.0
562.23496,0.0
562.23372,0.0
562.2345,0.0
562.23356,1.0
562.23357,0.0
562.23376,0.0
562.2355,0.0
562.23595,0.0
562.23601,0.0
562.23889,0.0
562.23647,0.0
562.23691,0.0
562.23725,0.0
562.23846,0.0
562.23896,0.0
562.23757,0.0
562.23569,0.0
562.2313,0.0
562.23555,0.0
562.23579,0.0
562.22658,0.0
562.22715,0.0
562.22771,0.0
562.23045,0.0
562.2298,0.0
562.22987,0.0
562.22994,0.0
562.23003,0.0
562.23026,0.0
562.23127,0.0
562.23179,0.0
562.23204,0.0
562.23455,0.0
562.2381,0.0
562.23361,0.0
562.23394,0.0
562.23537,0.0
562.23625,0.0
562.23638,0.0
562.2365,0.0
562.23668,0.0
562.23887,0.0
562.23903,0.0
562.23779,0.0
562.22451,0.0
562.22509,0.0
562.22513,0.0
562.22557,0.0
562.22566,0.0
562.22571,0.0
562.22593,0.0
562.22648,0.0
562.2273,0.0
562.22789,0.0
562.22805,0.0
562.22808,0.0
562.22938,0.0
562.23143,0.0
562.23087,0.0
562.23111,0.0
562.23122,0.0
562.23185,0.0
562.23154,0.0
562.23926,0.0
562.23203,0.0
562.2324,0.0
562.23292,0.0
562.23446,0.0
562.2346,0.0
562.23492,0.0
562.23813,0.0
562.23809,0.0
562.2335,0.0
562.23374,0.0
562.23519,0.0
562.23605,0.0
562.23669,0.0
562.23852,0.0
562.22496,0.0
562.23006,0.0
562.23302,0.0
562.22776,0.0
562.22952,0.0
562.2299,0.0
562.23877,0.0
562.23253,0.0
562.23713,0.0
562.22434,0.0
562.22454,0.0
562.22919,0.0
562.22977,0.0
562.23002,0.0
562.2311,0.0
562.23118,0.0
562.23225,0.0
562.2326,0.0
562.23296,0.0
562.23323,0.0
562.23445,0.0
562.23331,0.0
562.23676,0.0
562.23886,0.0
562.23853,0.0
562.23709,0.0
562.23511,0.0
562.22448,0.0
562.22621,0.0
562.22689,0.0
562.22873,0.0
562.22725,0.0
562.22788,0.0
562.22928,0.0
562.22932,0.0
562.23008,0.0
562.2307,0.0
562.23121,0.0
562.23188,0.0
562.23933,0.0
562.23275,0.0
562.2343,0.0
562.23342,0.0
562.23392,0.0
562.23818,0.0
562.23545,0.0
562.23544,0.0
562.23588,0.0
562.23619,0.0
562.23629,0.0
562.23689,0.0
562.23693,0.0
562.23656,0.0
562.23834,0.0
562.23768,0.0
562.23772,0.0
562.23916,0.0
562.2245,0.0
562.22535,1.0
562.22553,0.0
562.22696,1.0
562.22742,0.0
562.22744,0.0
562.22761,0.0
562.22826,0.0
562.22827,0.0
562.22912,0.0
562.22935,0.0
562.23001,0.0
562.23151,0.0
562.23039,0.0
562.23073,0.0
562.23124,0.0
562.23815,0.0
562.23363,0.0
562.23482,0.0
562.23475,0.0
562.23485,0.0
562.23408,0.0
562.23919,0.0
562.2354,0.0
562.23632,0.0
562.23634,0.0
562.2366,0.0
562.23674,0.0
562.23729,0.0
562.2373,0.0
562.22722,0.0
562.22923,0.0
562.23022,0.0
562.22591,0.0
562.23042,0.0
562.23197,0.0
562.22701,0.0
562.23385,0.0
562.22441,0.0
562.22443,0.0
562.22469,0.0
562.22472,0.0
562.22492,0.0
562.22497,0.0
562.225,0.0
562.22502,0.0
562.22504,0.0
562.22519,0.0
562.22523,0.0
562.22525,0.0
562.22528,0.0
562.2253,0.0
562.22537,0.0
562.22545,0.0
562.22552,0.0
562.22574,0.0
562.22579,0.0
562.22581,0.0
562.22587,0.0
562.22592,0.0
562.22594,0.0
562.22603,0.0
562.22606,0.0
562.22712,0.0
562.22615,0.0
562.22623,0.0
562.22624,0.0
562.22634,0.0
562.22638,0.0
562.22656,0.0
562.22684,0.0
562.22702,0.0
562.22704,0.0
562.22714,0.0
562.22738,0.0
562.22745,0.0
562.22759,0.0
562.22769,0.0
562.22774,0.0
562.2279,0.0
562.228,0.0
562.22816,0.0
562.22818,0.0
562.22819,0.0
562.22911,0.0
562.22914,0.0
562.22916,0.0
562.22941,0.0
562.22943,0.0
562.22944,0.0
562.23139,0.0
562.22949,0.0
562.22957,0.0
562.22959,0.0
562.22961,0.0
562.23936,0.0
562.22965,0.0
562.22967,0.0
562.22968,0.0
562.22974,0.0
562.22975,0.0
562.22978,0.0
562.22979,0.0
562.22983,0.0
562.22986,0.0
562.23,0.0
562.23789,0.0
562.23009,0.0
562.23037,0.0
562.23038,0.0
562.23041,0.0
562.23069,0.0
562.23071,0.0
562.23072,0.0
562.2308,0.0
562.23086,0.0
562.23089,0.0
562.23091,0.0
562.23094,0.0
562.23097,0.0
562.23932,0.0
562.23103,0.0
562.23107,0.0
562.23797,0.0
562.23119,0.0
562.23183,0.0
562.23187,0.0
562.23201,0.0
562.23209,0.0
562.23218,0.0
562.23219,0.0
562.2323,0.0
562.23234,0.0
562.23156,0.0
562.23237,0.0
562.23243,0.0
562.23247,0.0
562.23249,0.0
562.2316,0.0
562.23266,0.0
562.23271,0.0
562.23291,0.0
562.23293,1.0
562.23294,1.0
562.23295,1.0
562.23816,0.0
562.23309,0.0
562.2331,0.0
562.23421,0.0
562.23422,0.0
562.23426,0.0
562.23464,0.0
562.23471,0.0
562.23912,0.0
562.23489,0.0
562.23459,0.0
562.23334,0.0
562.23929,0.0
562.23358,0.0
562.23925,0.0
562.23578,0.0
562.23418,0.0
562.23502,0.0
562.23523,0.0
562.23526,0.0
562.23534,0.0
562.23533,0.0
562.23546,0.0
562.23411,0.0
562.23556,0.0
562.23561,0.0
562.23548,0.0
562.23584,0.0
562.23598,0.0
562.23599,0.0
562.23683,0.0
562.23609,0.0
562.2389,0.0
562.23628,0.0
562.23778,0.0
562.23637,0.0
562.23871,0.0
562.23702,0.0
562.23677,0.0
562.23678,0.0
562.23679,0.0
562.23718,0.0
562.2372,0.0
562.23722,0.0
562.23736,0.0
562.23742,0.0
562.23744,0.0
562.23746,0.0
562.23754,0.0
562.23851,0.0
562.23908,0.0
562.23766,0.0
562.23767,0.0
562.23775,0.0
562.23885,0.0
562.23782,0.0
562.2243,0.0
562.22438,0.0
562.22526,0.0
562.22533,0.0
562.22569,0.0
562.22577,0.0
562.22641,0.0
562.22674,0.0
562.22748,0.0
562.22756,0.0
562.22777,0.0
562.22781,0.0
562.22946,0.0
562.22995,0.0
562.23043,0.0
562.23059,0.0
562.23081,0.0
562.23083,0.0
562.23095,0.0
562.23102,0.0
562.2321,0.0
562.23262,0.0
562.23304,0.0
562.23316,0.0
562.2332,0.0
562.23409,0.0
562.23934,0.0
562.23863,0.0
562.23549,0.0
562.23575,0.0
562.23586,0.0
562.23596,0.0
562.23704,0.0
562.23835,0.0
562.23701,0.0
562.2371,0.0
562.23732,0.0
562.23745,0.0
562.2338,0.0
562.22964,0.0
562.23215,0.0
562.23382,0.0
562.23716,0.0
562.22584,0.0
562.23914,1.0
562.23221,0.0
562.23583,0.0
562.22512,0.0
562.22534,0.0
562.22706,0.0
562.22665,0.0
562.22681,0.0
562.22794,0.0
562.22798,0.0
562.22799,0.0
562.22939,0.0
562.22958,0.0
562.23016,0.0
562.23077,0.0
562.23106,0.0
562.23115,0.0
562.2312,0.0
562.23169,0.0
562.23228,0.0
562.23276,0.0
562.23277,0.0
562.23315,0.0
562.23427,0.0
562.23495,0.0
562.235,0.0
562.2359,0.0
562.23838,0.0
562.23692,0.0
562.23654,0.0
562.23661,0.0
562.23671,0.0
562.22467,0.0
562.22598,0.0
562.2271,0.0
562.23027,0.0
562.23034,0.0
562.23082,0.0
562.23104,0.0
562.23109,0.0
562.23876,0.0
562.23325,0.0
562.23386,0.0
562.23577,0.0
562.23604,0.0
562.23622,0.0
562.23662,0.0
562.23705,0.0
562.23131,1.0
562.23046,1.0
562.22999,0.0
562.23031,0.0
562.23206,0.0
562.23554,0.0
562.22462,0.0
562.23714,0.0
562.22713,0.0
562.23833,0.0
562.23857,0.0
562.23432,0.0
562.22452,0.0
562.22578,0.0
562.23012,0.0
562.23013,0.0
562.23017,0.0
562.23021,0.0
562.23149,0.0
562.23055,0.0
562.23785,0.0
562.23173,0.0
562.23176,0.0
562.23256,0.0
562.23389,0.0
562.23332,0.0
562.23541,0.0
562.23559,0.0
562.23694,0.0
562.23695,0.0
562.23842,0.0
562.2352,0.0
562.23429,0.0
562.22697,0.0
562.2281,0.0
562.22947,0.0
562.23283,0.0
562.23476,0.0
562.23531,0.0
562.23416,0.0
562.22605,0.0
562.22953,0.0
562.23303,0.0
562.23763,0.0
562.22719,0.0
562.23114,0.0
562.23168,0.0
562.23733,0.0
562.23346,0.0
562.22486,0.0
562.23581,0.0
562.23056,0.0
562.2319,0.0
562.22547,1.0
562.23568,0.0
562.22695,0.0
562.22734,0.0
562.2275,0.0
562.22966,0.0
562.22985,0.0
562.23132,0.0
562.23133,0.0
562.23145,0.0
562.23057,0.0
562.23448,0.0
562.23402,0.0
562.23543,0.0
562.23415,0.0
562.2358,0.0
562.23684,0.0
562.23437,0.0
562.23681,0.0
562.23781,0.0
562.23594,1.0
562.23719,0.0
562.22542,0.0
562.227,1.0
562.22463,0.0
562.23795,0.0
562.23379,0.0
562.23922,0.0
562.23491,0.0
562.22556,0.0
562.226,0.0
562.22724,0.0
562.22971,0.0
562.23872,0.0
562.2387,0.0
562.23606,0.0
562.23314,1.0
562.23317,1.0
562.23868,0.0
562.2384,0.0
562.2364,1.0
562.22927,0.0
562.23153,0.0
562.23353,0.0
562.23524,0.0
562.23636,0.0
562.22747,0.0
562.22758,0.0
562.22458,0.0
562.2264,0.0
562.2379,0.0
562.22934,0.0
562.22982,0.0
562.23798,0.0
562.23465,0.0
562.2277,0.0
562.23783,1.0
562.22802,0.0
562.22937,0.0
562.23281,0.0
562.23433,0.0
562.23515,0.0
562.23608,1.0
562.23753,0.0
562.23443,0.0
562.2266,0.0
562.23497,0.0
562.22962,0.0
562.22531,0.0
562.23592,0.0
562.23468,0.0
562.23706,0.0
562.22775,0.0
562.22976,0.0
562.23054,0.0
562.23258,0.0
562.2377,0.0
562.22707,0.0
562.22677,0.0
562.23591,0.0
562.234,0.0
562.23272,0.0
562.22498,0.0
562.22653,0.0
562.23855,0.0
562.23254,0.0
562.23322,0.0
562.22501,1.0
562.22554,0.0
562.2393,0.0
562.23404,0.0
562.91162,1.0
562.145048,0.0
562.145011,0.0
562.145073,0.0
562.144961,0.0
562.144983,0.0
562.144964,0.0
562.145029,0.0
562.144954,0.0
562.144957,0.0
562.145016,0.0
562.145068,0.0
562.145001,0.0
562.144974,0.0
562.145033,0.0
562.144967,0.0
562.144949,0.0
562.145003,0.0
562.144945,0.0
562.145072,0.0
562.144951,0.0
562.145071,0.0
562.145035,0.0
562.144987,0.0
562.14503,0.0
562.145057,0.0
562.144978,0.0
562.144993,0.0
562.145041,0.0
562.144962,0.0
562.145078,0.0
562.144981,0.0
562.144979,0.0
562.144989,0.0
562.145054,0.0
562.145038,0.0
562.145027,0.0
562.144976,0.0
562.14505,0.0
562.145062,0.0
562.144984,0.0
562.14504,0.0
562.145002,0.0
562.145,0.0
562.144997,0.0
562.145004,0.0
562.144946,0.0
562.144975,0.0
562.145034,0.0
562.14507,0.0
562.145079,0.0
562.145075,0.0
562.145019,0.0
562.144953,0.0
562.145025,0.0
562.144995,0.0
562.145053,0.0
562.145066,0.0
562.145064,0.0
562.144971,0.0
562.145076,0.0
562.144994,0.0
562.145024,0.0
562.145039,0.0
562.144988,0.0
562.145021,0.0
562.145077,0.0
562.145032,0.0
562.144992,0.0
562.145042,0.0
562.145067,0.0
562.145049,0.0
562.145015,0.0
562.145028,0.0
562.145059,0.0
562.14496,0.0
562.144966,0.0
562.145058,0.0
562.145005,0.0
562.144963,0.0
562.144998,0.0
562.14506,0.0
562.145008,0.0
562.145022,0.0
562.145074,0.0
562.14495,0.0
562.145055,0.0
562.145046,0.0
562.14502,0.0
562.144944,0.0
562.145044,0.0
562.14498,0.0
562.145081,0.0
562.144996,0.0
562.145031,0.0
562.145013,0.0
562.145014,0.0
562.144972,0.0
562.14501,0.0
562.145018,0.0
562.144952,0.0
562.145045,0.0
562.144973,0.0
562.144985,0.0
562.145006,0.0
562.144965,0.0
562.14497,0.0
562.145037,0.0
562.145007,0.0
562.145023,0.0
562.145026,0.0
562.145036,0.0
562.144977,0.0
562.145051,0.0
562.14508,0.0
562.14499,0.0
562.144969,0.0
562.145069,0.0
562.144959,0.0
562.145043,0.0
562.144999,0.0
562.145063,0.0
562.145009,0.0
562.145061,0.0
562.145017,0.0
562.145012,0.0
562.144948,0.0
562.144986,0.0
562.145047,0.0
562.145056,0.0
562.144991,0.0
562.144955,0.0
562.144982,0.0
562.144968,0.0
562.144958,0.0
562.144947,0.0
562.145052,0.0
562.144956,0.0
562.145065,0.0
562.129397,0.0
562.96426,0.0
562.9644,0.0
562.96439,0.0
562.96436,0.0
562.96437,0.0
562.96431,0.0
562.9643,0.0
562.96434,0.0
562.96438,0.0
562.96435,0.0
562.96447,0.0
562.96458,0.0
562.96456,0.0
562.96448,0.0
562.96455,0.0
562.9645,0.0
562.96451,0.0
562.96452,0.0
562.96449,0.0
562.96471,0.0
562.96472,0.0
562.96478,0.0
562.96475,0.0
562.96474,0.0
562.96476,0.0
562.96481,0.0
562.96461,0.0
562.96463,0.0
562.96482,0.0
562.96486,0.0
562.96473,0.0
562.96477,0.0
562.96465,0.0
562.9647,0.0
562.96469,0.0
562.96468,0.0
562.96467,0.0
562.96501,0.0
562.96502,0.0
562.965,0.0
562.96503,0.0
562.96505,0.0
562.96492,1.0
562.96493,1.0
562.96479,0.0
562.96487,1.0
562.96497,0.0
562.96483,0.0
562.96499,0.0
562.96498,0.0
562.96504,0.0
562.96506,0.0
562.96512,0.0
562.96517,0.0
562.96521,0.0
562.96514,0.0
562.96513,0.0
562.96507,0.0
562.96523,0.0
562.96525,0.0
562.96524,0.0
562.96526,0.0
562.96543,0.0
562.96542,0.0
562.96541,0.0
562.96528,0.0
562.96535,0.0
562.96532,0.0
562.96544,0.0
562.96527,0.0
562.96533,0.0
562.96547,0.0
562.96545,0.0
562.96537,0.0
562.96536,0.0
562.9653,0.0
562.96548,0.0
562.96538,0.0
562.96529,0.0
562.96539,0.0
562.9654,0.0
562.96549,0.0
562.96546,0.0
562.96531,0.0
562.96558,1.0
562.96559,1.0
562.96534,0.0
562.9655,0.0
562.96563,0.0
562.96564,0.0
562.96565,0.0
562.96566,0.0
562.96567,0.0
562.96569,0.0
562.96568,0.0
562.9657,0.0
562.96573,0.0
562.96574,0.0
562.96577,0.0
562.96576,0.0
562.96585,0.0
562.96581,0.0
562.96583,0.0
562.96582,0.0
562.96578,0.0
562.96589,0.0
562.96584,0.0
562.96587,0.0
562.96588,0.0
562.96586,0.0
562.96593,0.0
562.96591,0.0
562.96595,0.0
562.96592,0.0
562.96594,0.0
562.9659,0.0
562.96612,0.0
562.96613,0.0
562.9658,0.0
562.96606,0.0
562.96611,0.0
562.96608,0.0
562.96605,0.0
562.96464,0.0
562.9646,0.0
562.96462,0.0
562.96599,0.0
562.9661,0.0
562.96602,0.0
562.96601,0.0
562.96609,0.0
562.96604,0.0
562.96607,0.0
562.96598,0.0
562.966,0.0
562.96596,0.0
562.96603,0.0
562.96597,0.0
562.96624,0.0
562.96617,0.0
562.9662,0.0
562.9663,0.0
562.96615,0.0
562.96631,0.0
562.96629,0.0
562.96623,0.0
562.96627,0.0
562.96626,0.0
562.96622,0.0
562.96625,0.0
562.96637,0.0
562.96635,0.0
562.96636,0.0
562.96618,0.0
562.96616,0.0
562.96628,0.0
562.96621,0.0
562.96638,0.0
562.96639,0.0
562.96634,0.0
562.96633,0.0
562.96632,0.0
562.9664,0.0
562.96641,0.0
562.96642,0.0
562.96643,0.0
562.96646,0.0
562.96659,0.0
562.96655,0.0
562.96661,0.0
562.96656,0.0
562.96665,0.0
562.96649,0.0
562.9665,0.0
562.96651,0.0
562.96652,0.0
562.96653,0.0
562.96644,0.0
562.96645,0.0
562.96647,0.0
562.96648,0.0
562.96654,0.0
562.96668,0.0
562.96667,0.0
562.96669,0.0
562.96675,0.0
562.96676,0.0
562.96677,0.0
562.96672,0.0
562.96674,0.0
562.96678,0.0
562.96679,0.0
562.96734,0.0
562.96727,0.0
562.96729,0.0
562.96728,0.0
562.96726,0.0
562.96725,0.0
562.96699,1.0
562.967,1.0
562.96696,1.0
562.96701,1.0
562.96703,1.0
562.96718,0.0
562.96717,0.0
562.96715,0.0
562.96704,0.0
562.96697,0.0
562.96698,0.0
562.96702,0.0
562.96735,0.0
562.96743,0.0
562.96742,0.0
562.96733,0.0
562.96736,0.0
562.96732,0.0
562.96741,0.0
562.96739,0.0
562.9674,0.0
562.96752,0.0
562.96751,1.0
562.96748,0.0
562.96749,0.0
562.96754,1.0
562.96767,0.0
562.96759,0.0
562.96758,0.0
562.9676,0.0
562.96765,0.0
562.96746,0.0
562.96753,0.0
562.96745,0.0
562.9675,0.0
562.96747,0.0
562.96688,1.0
562.96685,1.0
562.96687,1.0
562.96682,1.0
562.96686,1.0
562.96763,0.0
562.96766,0.0
562.96757,0.0
562.96773,0.0
562.96776,0.0
562.96777,0.0
562.96775,0.0
562.96774,0.0
562.96778,0.0
562.96779,0.0
562.96782,0.0
562.96786,1.0
562.96798,0.0
562.96794,0.0
562.96793,0.0
562.96797,0.0
562.968,0.0
562.96785,1.0
562.96781,1.0
562.9678,1.0
562.96799,0.0
562.96809,0.0
562.9681,0.0
562.96811,0.0
562.96804,0.0
562.96801,0.0
562.96803,0.0
562.96802,0.0
562.96805,0.0
562.96812,0.0
562.96808,0.0
562.96807,0.0
562.96806,0.0
562.96823,0.0
562.96824,0.0
562.96833,0.0
562.96832,0.0
562.96835,0.0
562.96834,0.0
562.96836,0.0
562.96825,0.0
562.96837,0.0
562.96827,0.0
562.96829,0.0
562.96826,0.0
562.96822,0.0
562.96821,0.0
562.96816,0.0
562.9682,0.0
562.96813,0.0
562.96815,0.0
562.96819,0.0
562.96817,0.0
562.96814,0.0
562.96818,0.0
562.96831,0.0
562.96828,0.0
562.9683,0.0
562.96842,0.0
562.96844,0.0
562.96839,0.0
562.96843,0.0
562.96845,0.0
562.96838,0.0
562.9684,0.0
562.96846,0.0
562.96848,0.0
562.96841,0.0
562.96849,0.0
562.9685,0.0
562.96861,0.0
562.96858,0.0
562.96859,0.0
562.96863,0.0
562.96864,0.0
562.96868,0.0
562.96869,0.0
562.96867,0.0
562.96866,0.0
562.96865,0.0
562.96877,0.0
562.9687,0.0
562.96873,0.0
562.96876,0.0
562.96875,1.0
562.96879,0.0
562.96886,0.0
562.96888,0.0
562.96883,0.0
562.96887,0.0
562.9691,0.0
562.96911,0.0
562.96916,0.0
562.96914,0.0
562.96917,0.0
562.96899,1.0
562.96895,1.0
562.96897,1.0
562.96898,1.0
562.96894,1.0
562.9689,0.0
562.96892,0.0
562.96891,0.0
562.96893,0.0
562.96896,0.0
562.96912,0.0
562.96915,0.0
562.96913,0.0
562.96918,0.0
562.9692,0.0
562.96919,0.0
562.96921,0.0
562.96926,0.0
562.9693,0.0
562.96929,0.0
562.96927,0.0
562.96928,0.0
562.96923,0.0
562.96922,0.0
562.96924,0.0
562.96982,0.0
562.96985,0.0
562.96983,0.0
562.96984,0.0
562.96986,0.0
562.96973,0.0
562.96962,0.0
562.96972,0.0
562.96968,0.0
562.96966,0.0
562.96963,0.0
562.96969,0.0
562.96967,0.0
562.96964,0.0
562.9697,1.0
562.96971,1.0
562.96987,1.0
562.9699,1.0
562.96988,1.0
562.96954,1.0
562.96989,0.0
562.96956,1.0
562.96991,0.0
562.96955,1.0
562.9694,1.0
562.96953,1.0
562.97287,1.0
562.97286,1.0
562.97289,1.0
562.97295,1.0
562.97288,1.0
562.97296,1.0
562.97285,1.0
562.9729,1.0
562.97293,1.0
562.97292,1.0
562.97466,1.0
562.96959,0.0
562.9696,0.0
562.96961,0.0
562.96977,0.0
562.96976,0.0
562.97008,0.0
562.97009,0.0
562.97006,0.0
562.97007,0.0
562.97016,0.0
562.97003,0.0
562.97002,0.0
562.97001,0.0
562.97005,0.0
562.9701,0.0
562.97014,0.0
562.97015,0.0
562.97011,0.0
562.97013,0.0
562.97012,0.0
562.97019,1.0
562.97017,1.0
562.97018,1.0
562.9703,1.0
562.97044,0.0
562.9704,0.0
562.97042,0.0
562.97041,0.0
562.97039,0.0
562.97026,0.0
562.97037,0.0
562.97045,0.0
562.97043,0.0
562.97038,0.0
562.97035,0.0
562.97036,0.0
562.97034,0.0
562.97024,0.0
562.97031,0.0
562.97051,0.0
562.97053,0.0
562.97052,0.0
562.97054,0.0
562.97057,0.0
562.97046,0.0
562.9705,0.0
562.97048,0.0
562.97047,0.0
562.97049,0.0
562.97056,0.0
562.97055,0.0
562.97064,0.0
562.97066,0.0
562.97063,0.0
562.97058,0.0
562.97059,0.0
562.9706,0.0
562.97067,0.0
562.97065,0.0
562.97088,0.0
562.97087,0.0
562.97089,0.0
562.97084,0.0
562.97086,0.0
562.97073,0.0
562.97078,0.0
562.97079,0.0
562.97077,0.0
562.97081,0.0
562.9708,0.0
562.97091,0.0
562.97085,0.0
562.97083,0.0
562.97082,0.0
562.97095,0.0
562.97092,0.0
562.9709,0.0
562.97122,0.0
562.97104,0.0
562.97102,0.0
562.97099,0.0
562.97113,0.0
562.97127,0.0
562.97121,0.0
562.97124,0.0
562.97125,0.0
562.97126,0.0
562.97094,0.0
562.97093,0.0
562.97096,0.0
562.97097,0.0
562.97123,0.0
562.97107,0.0
562.97101,0.0
562.97098,0.0
562.971,1.0
562.97106,1.0
562.97503,0.0
562.97502,0.0
562.97509,0.0
562.97508,0.0
562.97507,0.0
562.97506,0.0
562.97504,0.0
562.97514,0.0
562.97515,0.0
562.9751,0.0
562.97111,0.0
562.97112,0.0
562.97128,0.0
562.97132,0.0
562.97133,0.0
562.97129,0.0
562.9713,0.0
562.97131,0.0
562.9714,0.0
562.97135,0.0
562.97134,0.0
562.97149,0.0
562.97146,0.0
562.97148,0.0
562.97151,0.0
562.9715,0.0
562.97136,0.0
562.97137,0.0
562.97138,0.0
562.97139,0.0
562.97142,0.0
562.97141,0.0
562.97144,0.0
562.97143,0.0
562.97145,0.0
562.97147,0.0
562.97159,0.0
562.97158,0.0
562.97155,0.0
562.97154,0.0
562.97157,0.0
562.97173,1.0
562.97168,1.0
562.97166,1.0
562.97174,1.0
562.9717,1.0
562.97176,0.0
562.97182,0.0
562.97188,0.0
562.97184,0.0
562.97183,0.0
562.97181,0.0
562.97189,0.0
562.97185,0.0
562.97186,0.0
562.97187,0.0
562.97178,0.0
562.9718,0.0
562.97179,0.0
562.97191,0.0
562.9719,0.0
562.97153,0.0
562.97152,0.0
562.97156,0.0
562.9716,0.0
562.97163,0.0
562.97192,0.0
562.97193,0.0
562.97196,0.0
562.97194,0.0
562.97195,0.0
562.97201,0.0
562.972,0.0
562.97198,0.0
562.97199,0.0
562.97203,0.0
562.97209,0.0
562.97206,0.0
562.97197,0.0
562.97208,0.0
562.97207,0.0
562.97202,0.0
562.97205,0.0
562.97204,0.0
562.97212,0.0
562.97211,0.0
562.9721,0.0
562.97213,0.0
562.97217,0.0
562.97215,0.0
562.97216,0.0
562.97269,0.0
562.97251,0.0
562.97272,0.0
562.97248,0.0
562.97257,0.0
562.97225,1.0
562.97223,1.0
562.97227,1.0
562.9723,1.0
562.97231,1.0
562.97221,1.0
562.9722,1.0
562.97214,1.0
562.97219,1.0
562.97261,0.0
562.97255,0.0
562.97256,0.0
562.97264,0.0
562.97218,1.0
562.97237,1.0
562.97263,0.0
562.97252,0.0
562.97262,0.0
562.97249,0.0
562.97267,0.0
562.97259,1.0
562.9725,1.0
562.97268,1.0
562.97284,0.0
562.97258,1.0
562.97279,0.0
562.97281,0.0
562.9728,0.0
562.97283,0.0
562.97282,0.0
562.97314,0.0
562.97324,0.0
562.97326,0.0
562.97319,0.0
562.97321,0.0
562.9731,0.0
562.97311,0.0
562.97312,0.0
562.97315,0.0
562.97313,0.0
562.97294,1.0
562.97291,1.0
562.97297,1.0
562.97298,1.0
562.97301,1.0
562.97343,0.0
562.97345,0.0
562.97344,0.0
562.97327,0.0
562.97339,0.0
562.97318,0.0
562.97325,0.0
562.97346,0.0
562.97342,0.0
562.97341,0.0
562.97316,0.0
562.9732,0.0
562.97317,0.0
562.97322,0.0
562.97323,0.0
562.97336,0.0
562.97328,0.0
562.97335,0.0
562.97332,0.0
562.97338,0.0
562.9734,0.0
562.97333,0.0
562.97329,0.0
562.9733,0.0
562.97331,0.0
562.97334,0.0
562.97337,0.0
562.97352,0.0
562.97347,0.0
562.97348,0.0
562.9735,0.0
562.97349,0.0
562.97351,0.0
562.97357,0.0
562.97355,0.0
562.97353,0.0
562.97356,0.0
562.97362,0.0
562.97363,0.0
562.97359,0.0
562.97361,0.0
562.9736,0.0
562.97358,0.0
562.9737,0.0
562.97366,0.0
562.97368,0.0
562.97371,0.0
562.97367,0.0
562.97369,0.0
562.97372,0.0
562.9738,0.0
562.97354,0.0
562.97364,0.0
562.97365,0.0
562.97381,0.0
562.97373,0.0
562.97378,0.0
562.97375,0.0
562.97376,0.0
562.97386,0.0
562.97382,0.0
562.97385,0.0
562.97387,0.0
562.97384,0.0
562.97374,0.0
562.97377,0.0
562.97379,0.0
562.97383,0.0
562.97388,0.0
562.97391,0.0
562.97395,0.0
562.97394,0.0
562.97392,0.0
562.97393,0.0
562.97389,0.0
562.9739,0.0
562.9741,0.0
562.97397,0.0
562.97401,0.0
562.97406,0.0
562.97403,0.0
562.97402,0.0
562.97399,0.0
562.974,0.0
562.97398,0.0
562.97405,0.0
562.97409,0.0
562.97396,0.0
562.97411,0.0
562.97407,0.0
562.97404,0.0
562.97408,0.0
562.97428,0.0
562.97426,0.0
562.97414,0.0
562.97416,0.0
562.97436,0.0
562.97437,0.0
562.97418,0.0
562.97427,0.0
562.97415,0.0
562.97434,0.0
562.97422,0.0
562.97433,0.0
562.97424,0.0
562.9743,0.0
562.97429,0.0
562.97417,0.0
562.97438,0.0
562.97443,0.0
562.9744,0.0
562.97439,0.0
562.97442,0.0
562.97423,0.0
562.97421,0.0
562.97431,1.0
562.97432,1.0
562.97425,0.0
562.97435,0.0
562.97412,0.0
562.97413,0.0
562.97419,0.0
562.9742,0.0
562.97441,0.0
562.97444,0.0
562.97446,0.0
562.97445,0.0
562.97447,0.0
562.97448,0.0
562.97454,0.0
562.97452,0.0
562.97453,0.0
562.97449,0.0
562.9745,0.0
562.97451,0.0
562.97455,0.0
562.97456,0.0
562.96938,1.0
562.97468,0.0
562.97465,0.0
562.97472,0.0
562.97478,0.0
562.97473,0.0
562.97476,0.0
562.97475,0.0
562.97501,0.0
562.9748,0.0
562.97481,0.0
562.97483,0.0
562.97488,0.0
562.97491,0.0
562.97487,0.0
562.97486,0.0
562.97496,0.0
562.97495,0.0
562.97489,0.0
562.97484,0.0
562.96575,0.0
562.96579,0.0
562.96572,0.0
562.96571,0.0
562.96614,0.0
562.96619,0.0
562.96737,0.0
562.96738,0.0
562.96744,0.0
562.96466,0.0
562.97117,0.0
562.97115,0.0
562.97119,0.0
562.97234,0.0
562.97233,0.0
562.97232,0.0
562.97493,0.0
562.97494,0.0
562.97497,0.0
562.9749,0.0
562.97505,0.0
562.96419,1.0
562.96418,1.0
562.96423,1.0
562.96432,1.0
562.96433,1.0
562.96429,1.0
562.96428,1.0
562.96425,1.0
562.96424,1.0
562.96427,1.0
562.96453,1.0
562.96454,1.0
562.96459,1.0
562.96457,1.0
562.96442,1.0
562.96444,1.0
562.96441,1.0
562.96443,1.0
562.96445,1.0
562.96446,1.0
562.96496,1.0
562.96489,1.0
562.96495,1.0
562.96488,1.0
562.96491,1.0
562.96484,1.0
562.9648,1.0
562.96494,1.0
562.9649,1.0
562.96485,1.0
562.96508,1.0
562.96509,1.0
562.96516,1.0
562.96522,1.0
562.96511,1.0
562.9652,1.0
562.96519,1.0
562.96515,1.0
562.96518,1.0
562.9651,1.0
562.96554,1.0
562.96551,1.0
562.96555,1.0
562.96552,1.0
562.96553,1.0
562.96556,1.0
562.96557,1.0
562.9656,1.0
562.96561,1.0
562.96562,1.0
562.96664,1.0
562.96662,1.0
562.96663,1.0
562.96666,1.0
562.96657,1.0
562.96658,1.0
562.9666,1.0
562.96673,1.0
562.9667,1.0
562.96671,1.0
562.96683,1.0
562.96684,1.0
562.9669,1.0
562.96681,1.0
562.96692,1.0
562.96691,1.0
562.96693,1.0
562.9668,1.0
562.96689,1.0
562.96694,1.0
562.96722,0.0
562.96724,0.0
562.96719,0.0
562.9672,0.0
562.96723,0.0
562.96721,0.0
562.96714,0.0
562.96716,0.0
562.9673,0.0
562.96731,0.0
562.96695,1.0
562.96707,1.0
562.96709,1.0
562.96708,1.0
562.96706,1.0
562.96705,1.0
562.96713,1.0
562.9671,1.0
562.96712,1.0
562.96711,1.0
562.96772,1.0
562.96755,1.0
562.96756,1.0
562.96771,1.0
562.96769,1.0
562.96762,1.0
562.96768,1.0
562.96761,1.0
562.96764,1.0
562.9677,1.0
562.96783,1.0
562.96784,1.0
562.9679,1.0
562.96789,1.0
562.96788,1.0
562.96787,1.0
562.96795,1.0
562.96791,1.0
562.96796,1.0
562.96792,1.0
562.96851,1.0
562.96855,1.0
562.96854,1.0
562.96857,1.0
562.96856,1.0
562.96853,1.0
562.96852,1.0
562.9686,1.0
562.96862,1.0
562.96847,1.0
562.96872,1.0
562.96874,1.0
562.96871,1.0
562.96889,1.0
562.9688,1.0
562.96882,1.0
562.96884,1.0
562.96881,1.0
562.96885,1.0
562.96878,1.0
562.969,1.0
562.96908,1.0
562.96901,1.0
562.96903,1.0
562.96904,1.0
562.96905,1.0
562.96902,1.0
562.96906,1.0
562.96907,1.0
562.96909,1.0
562.96992,1.0
562.96996,1.0
562.96995,1.0
562.96994,1.0
562.96993,1.0
562.96998,1.0
562.97004,1.0
562.96997,1.0
562.97,1.0
562.96999,1.0
562.96949,1.0
562.96958,1.0
562.96957,1.0
562.96978,1.0
562.96974,1.0
562.96975,1.0
562.9698,1.0
562.96979,1.0
562.96981,1.0
562.96965,1.0
562.96944,1.0
562.96951,1.0
562.96946,1.0
562.96948,1.0
562.96947,1.0
562.96942,1.0
562.96945,1.0
562.96941,1.0
562.9695,1.0
562.96943,1.0
562.97022,1.0
562.97021,1.0
562.97033,1.0
562.97023,1.0
562.97029,1.0
562.97028,1.0
562.97025,1.0
562.97032,1.0
562.9702,1.0
562.97027,1.0
562.97062,1.0
562.97061,1.0
562.97069,1.0
562.97068,1.0
562.97074,1.0
562.97076,1.0
562.97075,1.0
562.9707,1.0
562.97072,1.0
562.97071,1.0
562.97109,1.0
562.97103,1.0
562.97116,1.0
562.9712,1.0
562.97108,1.0
562.97118,1.0
562.97105,1.0
562.97114,1.0
562.9711,1.0
562.97162,1.0
562.97161,1.0
562.97167,1.0
562.97169,1.0
562.97171,1.0
562.97172,1.0
562.97165,1.0
562.97164,1.0
562.97177,1.0
562.97175,1.0
562.97242,1.0
562.97241,1.0
562.97245,1.0
562.9724,1.0
562.97244,1.0
562.97246,1.0
562.97247,1.0
562.97253,1.0
562.9727,1.0
562.97224,1.0
562.97236,1.0
562.97228,1.0
562.97229,1.0
562.97222,1.0
562.97235,1.0
562.97226,1.0
562.97239,1.0
562.97238,1.0
562.97243,1.0
562.97271,1.0
562.97463,1.0
562.97467,1.0
562.97474,1.0
562.97477,1.0
562.975,1.0
562.97499,1.0
562.97498,1.0
562.97492,1.0
562.97479,1.0
562.97485,1.0
562.97265,1.0
562.97266,1.0
562.9726,1.0
562.97278,1.0
562.97277,1.0
562.97273,1.0
562.97274,1.0
562.97276,1.0
562.97254,1.0
562.97275,1.0
562.97299,1.0
562.973,1.0
562.97304,1.0
562.97303,1.0
562.97302,1.0
562.97307,1.0
562.97308,1.0
562.97309,1.0
562.97306,1.0
562.97305,1.0
562.97461,1.0
562.97458,1.0
562.97459,1.0
562.9746,1.0
562.97457,1.0
562.97471,1.0
562.9747,1.0
562.97462,1.0
562.97464,1.0
562.97469,1.0
562.96925,1.0
562.96939,1.0
562.96935,1.0
562.96934,1.0
562.96933,1.0
562.96937,1.0
562.96932,1.0
562.96931,1.0
562.96936,1.0
562.96952,1.0
562.97482,1.0
562.100672,0.0
562.98607,0.0
562.100671,1.0
562.100673,0.0
562.98813,0.0
562.98815,0.0
562.100679,0.0
562.98817,1.0
562.99022,0.0
562.98006,0.0
562.98465,0.0
562.100678,1.0
562.98452,0.0
562.100677,0.0
562.98614,0.0
562.100676,0.0
562.98606,0.0
562.100684,0.0
562.98811,0.0
562.100686,0.0
562.98807,1.0
562.9881,0.0
562.9801,0.0
562.99017,0.0
562.10069,0.0
562.99218,0.0
562.100693,0.0
562.99228,0.0
562.100692,0.0
562.99236,0.0
562.100695,0.0
562.99467,0.0
562.100694,0.0
562.99471,0.0
562.100697,0.0
562.99712,0.0
562.9971,0.0
562.98008,0.0
562.99018,0.0
562.100703,1.0
562.99231,0.0
562.100706,0.0
562.100705,0.0
562.99233,0.0
562.99234,0.0
562.100709,0.0
562.9947,0.0
562.100708,0.0
562.99475,0.0
562.100712,0.0
562.99713,0.0
562.99714,1.0
562.98012,0.0
562.99013,0.0
562.100714,0.0
562.100716,0.0
562.99223,0.0
562.100715,0.0
562.100717,0.0
562.99224,0.0
562.100718,0.0
562.99501,1.0
562.10072,0.0
562.99502,0.0
562.9972,0.0
562.98014,0.0
562.99716,0.0
562.100723,0.0
562.9884,0.0
562.100725,0.0
562.99229,0.0
562.100728,0.0
562.99226,0.0
562.100727,0.0
562.9925,0.0
562.10073,0.0
562.99474,1.0
562.100732,0.0
562.99472,1.0
562.100731,0.0
562.99715,0.0
562.100734,0.0
562.99721,1.0
562.98547,0.0
562.99012,0.0
562.9873,0.0
562.98732,0.0
562.99252,0.0
562.98915,0.0
562.99247,0.0
562.9892,0.0
562.99476,0.0
562.99348,0.0
562.10074,0.0
562.99378,1.0
562.100741,0.0
562.99584,0.0
562.98552,0.0
562.99597,1.0
562.98718,0.0
562.9894,0.0
562.98737,0.0
562.99146,0.0
562.98896,0.0
562.99142,0.0
562.98897,0.0
562.100691,0.0
562.99368,0.0
562.100702,0.0
562.99637,0.0
562.99639,0.0
562.98546,0.0
562.98965,0.0
562.98729,0.0
562.9915,0.0
562.98738,0.0
562.99154,0.0
562.98917,0.0
562.99381,1.0
562.98945,0.0
562.99384,0.0
562.100748,0.0
562.99383,1.0
562.99641,0.0
562.100752,0.0
562.99645,0.0
562.98551,0.0
562.98956,0.0
562.98739,0.0
562.99152,0.0
562.9874,0.0
562.99151,0.0
562.9895,0.0
562.98948,0.0
562.994,1.0
562.99399,0.0
562.100759,0.0
562.99588,0.0
562.98553,0.0
562.9959,0.0
562.98557,0.0
562.99591,0.0
562.98754,0.0
562.98936,0.0
562.99126,1.0
562.98735,0.0
562.99125,0.0
562.98898,0.0
562.99334,0.0
562.98899,0.0
562.99355,1.0
562.99596,0.0
562.100656,0.0
562.99599,0.0
562.98538,0.0
562.99598,0.0
562.98937,0.0
562.9854,0.0
562.99127,1.0
562.98721,0.0
562.98712,0.0
562.99131,0.0
562.98902,0.0
562.99352,1.0
562.98906,0.0
562.99351,0.0
562.99604,0.0
562.100666,0.0
562.99605,1.0
562.98543,0.0
562.99606,0.0
562.98545,0.0
562.98939,0.0
562.98711,0.0
562.99132,0.0
562.98907,0.0
562.99136,0.0
562.98903,0.0
562.9935,0.0
562.98901,0.0
562.99347,0.0
562.99725,0.0
562.100681,0.0
562.99738,0.0
562.98544,0.0
562.99739,0.0
562.98717,1.0
562.99238,0.0
562.98715,0.0
562.99246,0.0
562.989,0.0
562.99241,0.0
562.98911,0.0
562.9891,0.0
562.99494,0.0
562.100688,0.0
562.99736,0.0
562.98548,0.0
562.98719,0.0
562.99737,0.0
562.9872,0.0
562.99618,0.0
562.98922,0.0
562.98918,0.0
562.99356,0.0
562.99612,0.0
562.99617,0.0
562.1007,0.0
562.99896,0.0
562.98541,0.0
562.99899,0.0
562.98716,0.0
562.100188,0.0
562.98714,0.0
562.99621,0.0
562.98925,0.0
562.9936,0.0
562.98927,0.0
562.99362,0.0
562.99622,0.0
562.99624,0.0
562.100713,0.0
562.99902,0.0
562.10019,0.0
562.100191,0.0
562.98722,0.0
562.98929,0.0
562.99366,0.0
562.98921,0.0
562.99627,0.0
562.99629,0.0
562.999,0.0
562.100721,0.0
562.100194,0.0
562.100193,0.0
562.98726,0.0
562.98728,0.0
562.99631,1.0
562.99901,0.0
562.98919,0.0
562.99903,0.0
562.98916,0.0
562.100192,1.0
562.99371,1.0
562.99375,0.0
562.99372,0.0
562.98265,0.0
562.99634,0.0
562.9841,0.0
562.99888,0.0
562.98554,0.0
562.99906,0.0
562.9856,0.0
562.100197,0.0
562.98731,0.0
562.100181,0.0
562.98734,0.0
562.99358,0.0
562.98145,0.0
562.99616,0.0
562.98266,0.0
562.99626,0.0
562.98407,0.0
562.99904,0.0
562.98485,0.0
562.99905,0.0
562.98531,0.0
562.100196,0.0
562.98693,0.0
562.100195,0.0
562.9866,0.0
562.99379,0.0
562.9938,0.0
562.98104,0.0
562.9821,0.0
562.99638,0.0
562.9835,0.0
562.99907,0.0
562.98509,0.0
562.99908,0.0
562.98507,0.0
562.98684,0.0
562.100198,0.0
562.98688,0.0
562.100199,0.0
562.9939,0.0
562.99387,0.0
562.98086,0.0
562.98235,0.0
562.99647,0.0
562.98378,0.0
562.99646,0.0
562.98533,0.0
562.9991,0.0
562.98524,0.0
562.99889,0.0
562.9869,0.0
562.100179,0.0
562.100178,0.0
562.9934,1.0
562.98689,0.0
562.99339,0.0
562.97977,0.0
562.99594,0.0
562.98124,0.0
562.99593,0.0
562.98232,0.0
562.98395,0.0
562.9989,0.0
562.98519,0.0
562.99891,0.0
562.9852,0.0
562.10018,0.0
562.98692,0.0
562.100182,0.0
562.99353,0.0
562.97952,0.0
562.99349,0.0
562.9808,0.0
562.99603,0.0
562.98208,0.0
562.996,0.0
562.98364,0.0
562.99892,0.0
562.985,0.0
562.98499,0.0
562.99894,0.0
562.98669,0.0
562.100184,0.0
562.98666,0.0
562.100183,1.0
562.97948,0.0
562.98096,0.0
562.99607,0.0
562.98207,0.0
562.98368,0.0
562.99608,0.0
562.98494,0.0
562.99893,0.0
562.98496,0.0
562.99895,0.0
562.98671,0.0
562.98849,0.0
562.100186,0.0
562.97939,0.0
562.98103,0.0
562.100185,0.0
562.98237,0.0
562.99357,0.0
562.98361,0.0
562.98501,0.0
562.99359,0.0
562.98502,0.0
562.99611,0.0
562.98664,0.0
562.99613,0.0
562.98852,0.0
562.99898,0.0
562.9799,0.0
562.98105,0.0
562.99897,0.0
562.98222,0.0
562.98352,0.0
562.100187,0.0
562.9851,0.0
562.98508,0.0
562.98672,0.0
562.98858,0.0
562.100189,0.0
562.97976,0.0
562.100494,0.0
562.98106,0.0
562.98239,0.0
562.100495,0.0
562.98351,0.0
562.98513,0.0
562.10084,0.0
562.98687,0.0
562.9868,0.0
562.98859,0.0
562.97987,0.0
562.100841,0.0
562.98109,0.0
562.98354,0.0
562.100842,0.0
562.98356,0.0
562.98505,0.0
562.98673,0.0
562.98742,0.0
562.98677,0.0
562.98933,0.0
562.98855,0.0
562.97973,0.0
562.100493,0.0
562.98243,0.0
562.98376,0.0
562.100492,0.0
562.98372,1.0
562.98506,0.0
562.100497,1.0
562.98674,0.0
562.98681,0.0
562.100843,0.0
562.98853,0.0
562.98854,0.0
562.100844,0.0
562.98112,0.0
562.100845,0.0
562.98229,0.0
562.98753,0.0
562.97975,0.0
562.98111,0.0
562.9896,0.0
562.98369,0.0
562.98532,0.0
562.100496,0.0
562.98866,0.0
562.98865,0.0
562.1005,0.0
562.98115,0.0
562.97974,0.0
562.100498,0.0
562.100846,0.0
562.98227,0.0
562.98373,0.0
562.100847,0.0
562.9865,0.0
562.100848,0.0
562.98864,0.0
562.98757,0.0
562.98869,0.0
562.98962,0.0
562.100499,0.0
562.100504,1.0
562.97983,0.0
562.100501,0.0
562.98236,0.0
562.10085,0.0
562.98375,0.0
562.100851,0.0
562.98679,0.0
562.98755,0.0
562.98874,0.0
562.98763,0.0
562.98117,0.0
562.98959,0.0
562.98226,0.0
562.100503,0.0
562.100502,0.0
562.98127,0.0
562.100505,0.0
562.98233,0.0
562.100849,0.0
562.98382,0.0
562.98781,0.0
562.98696,0.0
562.98762,0.0
562.98834,0.0
562.98957,0.0
562.98118,0.0
562.100518,0.0
562.100527,0.0
562.98231,0.0
562.100875,0.0
562.100881,0.0
562.98129,0.0
562.100883,0.0
562.98247,0.0
562.98396,0.0
562.98779,0.0
562.98695,0.0
562.9878,0.0
562.98966,0.0
562.9887,0.0
562.100562,0.0
562.100565,1.0
562.98079,0.0
562.100893,0.0
562.100895,0.0
562.98205,0.0
562.100894,0.0
562.98782,0.0
562.98082,0.0
562.98771,0.0
562.98206,0.0
562.98975,0.0
562.100569,0.0
562.98363,0.0
562.10057,0.0
562.9867,0.0
562.100899,0.0
562.98847,0.0
562.100901,0.0
562.1009,0.0
562.98098,0.0
562.9876,0.0
562.98209,0.0
562.98761,0.0
562.98955,0.0
562.100509,0.0
562.98094,0.0
562.10051,1.0
562.98204,0.0
562.100856,0.0
562.98493,0.0
562.100855,0.0
562.100857,0.0
562.98661,0.0
562.98766,0.0
562.98843,0.0
562.98773,0.0
562.98095,0.0
562.98968,0.0
562.100513,0.0
562.98224,0.0
562.100514,0.0
562.10086,0.0
562.981,0.0
562.100862,0.0
562.100861,1.0
562.98241,0.0
562.98778,0.0
562.98503,0.0
562.98784,0.0
562.98848,0.0
562.98971,0.0
562.98862,0.0
562.100517,0.0
562.98101,0.0
562.98292,0.0
562.100521,0.0
562.98038,0.0
562.100866,0.0
562.98164,0.0
562.98289,0.0
562.100865,0.0
562.98566,0.0
562.98777,0.0
562.98974,0.0
562.98967,0.0
562.98844,0.0
562.98969,0.0
562.98165,1.0
562.100525,0.0
562.9829,0.0
562.100523,0.0
562.98046,0.0
562.100867,0.0
562.98166,0.0
562.100868,0.0
562.98293,0.0
562.10087,0.0
562.98565,0.0
562.98783,0.0
562.98973,0.0
562.98972,0.0
562.98978,1.0
562.98167,0.0
562.9897,0.0
562.99025,0.0
562.98294,0.0
562.9974,0.0
562.98042,0.0
562.99997,0.0
562.98168,0.0
562.98295,0.0
562.1,0.0
562.99998,0.0
562.98568,0.0
562.100305,1.0
562.9898,0.0
562.98979,0.0
562.98078,0.0
562.100308,0.0
562.98301,0.0
562.9804,0.0
562.99999,0.0
562.98163,0.0
562.100003,0.0
562.98286,0.0
562.100004,0.0
562.100005,0.0
562.98562,0.0
562.100307,0.0
562.98977,0.0
562.100281,0.0
562.98976,0.0
562.100284,0.0
562.99406,1.0
562.99028,0.0
562.99915,0.0
562.99969,0.0
562.100571,0.0
562.9997,1.0
562.99972,0.0
562.992,0.0
562.99973,0.0
562.99419,0.0
562.100285,0.0
562.99425,0.0
562.100283,0.0
562.99201,0.0
562.100604,0.0
562.99422,1.0
562.99023,0.0
562.99916,0.0
562.99974,0.0
562.100573,0.0
562.99975,0.0
562.99198,0.0
562.99976,0.0
562.99202,0.0
562.99977,0.0
562.99423,0.0
562.100282,0.0
562.99405,0.0
562.99669,0.0
562.99729,1.0
562.99917,0.0
562.100572,0.0
562.9998,0.0
562.99205,0.0
562.99978,0.0
562.99203,0.0
562.100287,0.0
562.9942,0.0
562.100288,0.0
562.99415,0.0
562.100289,0.0
562.99204,0.0
562.100605,0.0
562.99674,0.0
562.99728,0.0
562.100232,0.0
562.99983,0.0
562.100619,0.0
562.99981,0.0
562.99049,0.0
562.99982,0.0
562.99048,1.0
562.99277,0.0
562.10029,0.0
562.99276,0.0
562.99034,0.0
562.99509,0.0
562.100034,0.0
562.100618,0.0
562.100291,0.0
562.99052,0.0
562.99051,0.0
562.100608,0.0
562.99278,0.0
562.99281,0.0
562.9973,0.0
562.9905,0.0
562.99984,0.0
562.99517,0.0
562.99987,0.0
562.100033,0.0
562.99985,1.0
562.100616,0.0
562.100292,0.0
562.99054,0.0
562.99275,0.0
562.100293,0.0
562.99271,1.0
562.100607,0.0
562.9952,0.0
562.99264,1.0
562.99986,0.0
562.99521,0.0
562.99989,0.0
562.100032,0.0
562.99988,0.0
562.100621,0.0
562.100295,0.0
562.99058,0.0
562.100296,0.0
562.9928,0.0
562.100294,0.0
562.99283,0.0
562.100609,0.0
562.99524,0.0
562.99732,0.0
562.99254,1.0
562.9999,0.0
562.99523,0.0
562.99991,0.0
562.100035,0.0
562.99992,0.0
562.100622,0.0
562.100297,0.0
562.99061,0.0
562.100298,0.0
562.99286,0.0
562.99525,0.0
562.100299,0.0
562.99285,0.0
562.99783,0.0
562.100309,0.0
562.10061,0.0
562.100623,0.0
562.9906,0.0
562.99734,0.0
562.99289,0.0
562.99535,0.0
562.99994,0.0
562.99294,0.0
562.99993,0.0
562.99786,0.0
562.99996,0.0
562.100315,0.0
562.100303,0.0
562.100302,0.0
562.99055,0.0
562.100304,0.0
562.9927,0.0
562.99735,0.0
562.99531,0.0
562.99995,0.0
562.99274,1.0
562.100001,1.0
562.99768,0.0
562.100002,0.0
562.100314,0.0
562.1003,1.0
562.10062,0.0
562.100301,0.0
562.99053,0.0
562.100207,0.0
562.99284,0.0
562.100522,0.0
562.99657,0.0
562.99912,0.0
562.99911,0.0
562.99914,0.0
562.10021,0.0
562.99287,0.0
562.100213,0.0
562.99527,0.0
562.100214,0.0
562.100529,0.0
562.100532,0.0
562.99788,0.0
562.100534,0.0
562.100317,0.0
562.100531,0.0
562.100625,0.0
562.100873,0.0
562.99056,0.0
562.100874,0.0
562.99291,0.0
562.98291,0.0
562.99292,0.0
562.99172,0.0
562.99534,0.0
562.99179,0.0
562.99532,0.0
562.9953,0.0
562.10054,0.0
562.9979,0.0
562.100537,0.0
562.100541,0.0
562.97979,0.0
562.100872,0.0
562.98087,0.0
562.100878,0.0
562.98211,0.0
562.99515,0.0
562.98416,0.0
562.99769,0.0
562.99171,1.0
562.97953,0.0
562.99195,0.0
562.98097,0.0
562.100545,0.0
562.98203,0.0
562.100539,0.0
562.99504,0.0
562.100876,0.0
562.100877,0.0
562.99772,0.0
562.100882,0.0
562.99176,0.0
562.99175,0.0
562.99414,0.0
562.98099,0.0
562.100543,0.0
562.98225,0.0
562.100553,0.0
562.99508,0.0
562.10088,0.0
562.9977,0.0
562.100879,0.0
562.99774,0.0
562.100884,0.0
562.99187,0.0
562.99193,0.0
562.9794,0.0
562.99411,0.0
562.98102,0.0
562.100548,0.0
562.98223,0.0
562.100555,1.0
562.99507,0.0
562.100888,0.0
562.99775,0.0
562.100889,0.0
562.99778,0.0
562.10089,0.0
562.99185,0.0
562.99181,0.0
562.97981,0.0
562.99666,0.0
562.98107,0.0
562.100551,0.0
562.98242,0.0
562.100556,0.0
562.99779,0.0
562.100886,1.0
562.99519,0.0
562.100885,0.0
562.99776,0.0
562.100887,0.0
562.9919,0.0
562.99188,0.0
562.97972,0.0
562.99665,0.0
562.98108,0.0
562.10056,0.0
562.98244,0.0
562.100561,0.0
562.99518,0.0
562.100891,0.0
562.99777,0.0
562.100892,0.0
562.9978,0.0
562.100871,0.0
562.99177,0.0
562.99194,0.0
562.97982,0.0
562.99673,0.0
562.9811,0.0
562.98238,0.0
562.100567,0.0
562.99522,0.0
562.100566,0.0
562.100896,0.0
562.99781,0.0
562.99782,0.0
562.100897,0.0
562.100898,0.0
562.99183,0.0
562.97978,0.0
562.99197,0.0
562.98114,0.0
562.99643,0.0
562.98374,0.0
562.100563,0.0
562.99528,0.0
562.100507,0.0
562.99784,0.0
562.100853,0.0
562.99787,0.0
562.100854,0.0
562.97985,0.0
562.99199,0.0
562.9823,0.0
562.9916,0.0
562.9837,0.0
562.99909,0.0
562.99536,0.0
562.99785,0.0
562.100506,0.0
562.99789,0.0
562.100512,0.0
562.100859,0.0
562.100852,0.0
562.9813,0.0
562.99648,0.0
562.9824,0.0
562.99164,0.0
562.9838,0.0
562.99165,0.0
562.99771,0.0
562.99913,1.0
562.99773,0.0
562.100516,0.0
562.100519,0.0
562.97986,0.0
562.100858,0.0
562.98113,0.0
562.100864,0.0
562.98228,0.0
562.98032,0.0
562.98371,0.0
562.99526,0.0
562.99162,0.0
562.99791,0.0
562.99169,0.0
562.99792,0.0
562.100204,0.0
562.100526,1.0
562.97988,0.0
562.100524,0.0
562.98123,0.0
562.98234,0.0
562.100863,1.0
562.98379,0.0
562.100869,0.0
562.98381,0.0
562.98287,0.0
562.99161,0.0
562.98483,1.0
562.9917,0.0
562.98527,0.0
562.98697,0.0
562.100215,0.0
562.98698,0.0
562.99168,0.0
562.98691,0.0
562.99178,0.0
562.99426,0.0
562.98399,0.0
562.99659,0.0
562.98497,0.0
562.100217,0.0
562.98652,0.0
562.100216,0.0
562.98653,0.0
562.10022,0.0
562.99174,0.0
562.99173,0.0
562.98366,0.0
562.98482,0.0
562.99407,0.0
562.98498,0.0
562.99661,0.0
562.98668,0.0
562.100219,0.0
562.100221,0.0
562.100222,0.0
562.99192,0.0
562.98367,0.0
562.98349,0.0
562.99189,0.0
562.99416,0.0
562.98495,0.0
562.99418,0.0
562.98667,0.0
562.99663,0.0
562.98659,0.0
562.100223,0.0
562.100225,0.0
562.98362,1.0
562.100549,1.0
562.99186,0.0
562.9918,0.0
562.98504,0.0
562.98662,0.0
562.99413,0.0
562.98663,0.0
562.99409,0.0
562.99664,0.0
562.100228,0.0
562.9836,0.0
562.100226,0.0
562.98355,0.0
562.100554,1.0
562.99182,0.0
562.99191,0.0
562.98665,0.0
562.99417,0.0
562.98851,0.0
562.99424,0.0
562.99667,0.0
562.98358,0.0
562.1002,0.0
562.98359,0.0
562.10023,0.0
562.98514,0.0
562.100568,0.0
562.98512,0.0
562.99158,0.0
562.98686,0.0
562.98648,0.0
562.99385,0.0
562.98857,0.0
562.99386,0.0
562.9966,0.0
562.99662,0.0
562.98511,0.0
562.98357,0.0
562.100224,0.0
562.100227,0.0
562.98353,0.0
562.100559,0.0
562.99184,0.0
562.99404,0.0
562.99408,0.0
562.99672,0.0
562.9886,0.0
562.100229,0.0
562.98377,0.0
562.100231,0.0
562.100564,0.0
562.99196,0.0
562.99402,0.0
562.99421,0.0
562.98678,0.0
562.99676,0.0
562.98675,0.0
562.99675,0.0
562.100233,0.0
562.98856,0.0
562.100201,0.0
562.98344,1.0
562.100508,0.0
562.99159,0.0
562.99397,0.0
562.99396,0.0
562.99649,0.0
562.99651,0.0
562.100205,1.0
562.98676,0.0
562.100203,0.0
562.98861,1.0
562.100511,0.0
562.99166,0.0
562.99395,0.0
562.99398,0.0
562.98516,0.0
562.99653,0.0
562.98515,0.0
562.99654,0.0
562.98682,0.0
562.98685,0.0
562.100209,0.0
562.98683,0.0
562.100202,0.0
562.98867,0.0
562.100515,0.0
562.98863,0.0
562.99163,0.0
562.98873,0.0
562.99059,0.0
562.99394,0.0
562.99057,0.0
562.99262,0.0
562.99388,0.0
562.99345,0.0
562.99652,0.0
562.99337,0.0
562.99559,0.0
562.99656,0.0
562.99569,0.0
562.100208,1.0
562.99108,0.0
562.100206,0.0
562.99118,0.0
562.10052,0.0
562.99344,0.0
562.99167,0.0
562.99579,0.0
562.99389,0.0
562.9958,0.0
562.99391,0.0
562.98953,0.0
562.99115,0.0
562.99121,0.0
562.99658,0.0
562.99329,0.0
562.99331,0.0
562.100212,0.0
562.99338,0.0
562.100211,0.0
562.99581,0.0
562.100528,0.0
562.98951,0.0
562.10053,0.0
562.99111,0.0
562.99122,1.0
562.100533,0.0
562.99335,0.0
562.9933,0.0
562.100218,1.0
562.100536,0.0
562.9956,0.0
562.99563,0.0
562.100535,0.0
562.98932,0.0
562.99084,1.0
562.98036,0.0
562.99103,0.0
562.100538,0.0
562.98026,0.0
562.99558,1.0
562.100542,0.0
562.99562,0.0
562.98029,0.0
562.98947,0.0
562.99105,0.0
562.99101,0.0
562.98027,0.0
562.100546,0.0
562.99316,0.0
562.98055,0.0
562.99318,0.0
562.9957,0.0
562.100544,0.0
562.99568,0.0
562.99102,0.0
562.98031,0.0
562.99104,0.0
562.100547,1.0
562.99099,0.0
562.9932,0.0
562.9803,0.0
562.99322,0.0
562.99321,1.0
562.10055,0.0
562.99572,0.0
562.99571,0.0
562.98041,0.0
562.991,0.0
562.100552,0.0
562.99109,0.0
562.99106,0.0
562.99323,0.0
562.98043,0.0
562.99317,0.0
562.100557,0.0
562.99324,0.0
562.99573,0.0
562.98045,0.0
562.99575,0.0
562.99107,0.0
562.100558,0.0
562.99113,0.0
562.99112,0.0
562.98028,0.0
562.99319,0.0
562.99333,0.0
562.99336,1.0
562.99576,0.0
562.99124,0.0
562.99119,0.0
562.99114,0.0
562.99327,0.0
562.99341,0.0
562.99578,0.0
562.99577,0.0
562.99574,0.0
562.99123,0.0
562.9911,0.0
562.99342,0.0
562.99343,0.0
562.99585,0.0
562.99583,0.0
562.99867,0.0
562.99117,0.0
562.9912,0.0
562.99582,0.0
562.99586,0.0
562.99872,0.0
562.99873,0.0
562.99874,0.0
562.99876,0.0
562.100163,0.0
562.100162,0.0
562.100173,0.0
562.100177,0.0
562.100418,0.0
562.99842,1.0
562.99852,0.0
562.99857,0.0
562.100145,0.0
562.100153,0.0
562.100018,1.0
562.100159,0.0
562.100478,0.0
562.99759,0.0
562.99877,0.0
562.99881,0.0
562.100021,0.0
562.100165,0.0
562.100169,0.0
562.100172,0.0
562.100485,0.0
562.99879,0.0
562.99886,0.0
562.99885,0.0
562.100174,0.0
562.100175,0.0
562.100176,0.0
562.10049,0.0
562.100491,0.0
562.9983,1.0
562.99831,0.0
562.99832,0.0
562.100112,0.0
562.100114,1.0
562.100113,0.0
562.100419,0.0
562.100423,0.0
562.99756,0.0
562.99841,0.0
562.99839,1.0
562.100118,0.0
562.10012,0.0
562.100123,0.0
562.100429,0.0
562.100428,0.0
562.99754,1.0
562.99843,0.0
562.99836,0.0
562.100126,0.0
562.100127,0.0
562.100124,0.0
562.100433,0.0
562.99847,0.0
562.99846,0.0
562.99848,0.0
562.100128,0.0
562.10013,1.0
562.100131,0.0
562.100438,0.0
562.100442,0.0
562.99853,0.0
562.99851,0.0
562.99855,0.0
562.100133,0.0
562.100136,0.0
562.100135,0.0
562.100446,0.0
562.100448,0.0
562.99858,0.0
562.99859,0.0
562.100138,0.0
562.100139,0.0
562.100023,1.0
562.10045,0.0
562.100456,0.0
562.99862,1.0
562.99863,0.0
562.100141,0.0
562.100144,0.0
562.100146,0.0
562.100147,0.0
562.100458,0.0
562.100461,0.0
562.99865,0.0
562.99866,0.0
562.100149,0.0
562.100151,0.0
562.100152,0.0
562.100154,0.0
562.100465,0.0
562.100464,0.0
562.100467,0.0
562.100469,0.0
562.100819,0.0
562.100821,0.0
562.10082,0.0
562.99871,0.0
562.9987,0.0
562.100158,0.0
562.100477,0.0
562.100824,0.0
562.100831,0.0
562.100826,0.0
562.99827,0.0
562.99882,0.0
562.99828,0.0
562.100116,0.0
562.10043,0.0
562.100793,0.0
562.100802,1.0
562.100811,0.0
562.99869,0.0
562.99875,0.0
562.99878,0.0
562.100164,0.0
562.100482,0.0
562.10083,0.0
562.100829,0.0
562.100832,0.0
562.9988,0.0
562.99884,0.0
562.99883,0.0
562.10017,0.0
562.100486,0.0
562.100835,0.0
562.100837,0.0
562.100839,0.0
562.99887,0.0
562.99829,0.0
562.99833,0.0
562.10011,0.0
562.100416,0.0
562.100769,0.0
562.100772,0.0
562.100773,0.0
562.99834,1.0
562.99837,0.0
562.9984,0.0
562.100119,1.0
562.100422,0.0
562.100777,0.0
562.100779,0.0
562.100778,0.0
562.99844,0.0
562.99835,0.0
562.99838,0.0
562.100125,0.0
562.100431,0.0
562.100782,0.0
562.100784,1.0
562.100785,0.0
562.99849,0.0
562.99845,0.0
562.9985,0.0
562.100132,1.0
562.100441,0.0
562.100792,0.0
562.100791,0.0
562.100796,0.0
562.99854,0.0
562.99856,0.0
562.100134,0.0
562.100137,0.0
562.100444,0.0
562.100798,0.0
562.100799,0.0
562.1008,0.0
562.9986,0.0
562.99861,0.0
562.10014,0.0
562.100142,0.0
562.100455,0.0
562.100806,0.0
562.100805,0.0
562.100808,0.0
562.99864,0.0
562.100148,0.0
562.10015,0.0
562.10046,0.0
562.100813,0.0
562.100815,0.0
562.100816,0.0
562.99868,0.0
562.100157,0.0
562.100156,0.0
562.100155,0.0
562.10047,0.0
562.100472,0.0
562.100473,0.0
562.100823,0.0
562.100825,0.0
562.10016,1.0
562.100161,0.0
562.100479,0.0
562.100311,0.0
562.10048,0.0
562.100788,0.0
562.100828,0.0
562.100768,0.0
562.100121,0.0
562.100022,0.0
562.100435,0.0
562.100443,0.0
562.100451,0.0
562.100812,0.0
562.100822,0.0
562.100827,0.0
562.100167,0.0
562.100166,0.0
562.100484,0.0
562.100483,0.0
562.100481,0.0
562.100833,0.0
562.100834,0.0
562.100836,0.0
562.100168,0.0
562.100171,0.0
562.100487,0.0
562.100489,0.0
562.100488,0.0
562.100838,1.0
562.100767,0.0
562.100766,0.0
562.100109,1.0
562.100111,0.0
562.100417,0.0
562.22874,0.0
562.5676,1.0
562.58741,0.0
562.58742,0.0
562.45845,1.0
562.56765,1.0
562.56764,1.0
562.56767,1.0
562.56763,1.0
562.19151,1.0
562.56766,1.0
562.56762,1.0
562.56761,1.0
562.56771,1.0
562.56773,1.0
562.56774,1.0
562.5677,1.0
562.58745,1.0
562.58751,1.0
562.58752,1.0
562.42635,0.0
562.58746,0.0
562.58747,0.0
562.56769,1.0
562.58749,0.0
562.58748,0.0
562.58753,0.0
562.58757,0.0
562.58758,0.0
562.13671,0.0
562.58755,0.0
562.56772,1.0
562.58754,0.0
562.58759,0.0
562.5876,0.0
562.58762,0.0
562.56768,1.0
562.58703,0.0
562.58704,0.0
562.58705,0.0
562.58706,1.0
562.58707,0.0
562.58708,0.0
562.58709,1.0
562.58714,1.0
562.58715,0.0
562.58713,0.0
562.58712,1.0
562.58717,0.0
562.58716,1.0
562.5872,1.0
562.58719,1.0
562.58718,0.0
562.58711,0.0
562.5871,1.0
562.58721,0.0
562.58722,1.0
562.58723,0.0
562.58731,0.0
562.58729,0.0
562.5873,1.0
562.58727,0.0
562.58726,1.0
562.58728,0.0
562.58725,0.0
562.58724,1.0
562.58733,0.0
562.58732,1.0
562.58734,1.0
562.58735,1.0
562.5874,1.0
562.58739,1.0
562.58737,1.0
562.58736,1.0
562.58738,1.0
562.56775,1.0
562.56776,1.0
562.58761,0.0
562.42673,1.0
562.58766,1.0
562.58767,1.0
562.42675,1.0
562.56778,1.0
562.42686,1.0
562.57077,1.0
562.57148,0.0
562.57149,0.0
562.57144,0.0
562.57143,0.0
562.57145,0.0
562.57107,0.0
562.57106,0.0
562.5715,0.0
562.57155,0.0
562.57162,0.0
562.57105,0.0
562.57161,0.0
562.57158,0.0
562.57157,0.0
562.57153,0.0
562.5716,0.0
562.57164,0.0
562.57163,0.0
562.57104,1.0
562.57166,1.0
562.57165,0.0
562.57168,1.0
562.57167,0.0
562.57172,0.0
562.57173,0.0
562.5717,0.0
562.57177,0.0
562.57175,0.0
562.57099,0.0
562.57174,0.0
562.57176,0.0
562.57181,0.0
562.5718,0.0
562.57178,1.0
562.57184,1.0
562.57191,0.0
562.5719,0.0
562.57102,0.0
562.57186,0.0
562.57194,0.0
562.57193,0.0
562.57207,0.0
562.57198,0.0
562.57205,0.0
562.57206,0.0
562.5711,0.0
562.57209,0.0
562.57214,0.0
562.57213,0.0
562.57218,1.0
562.57217,0.0
562.57212,0.0
562.57211,0.0
562.57216,0.0
562.57215,0.0
562.57219,0.0
562.57114,0.0
562.5722,0.0
562.57223,0.0
562.57224,0.0
562.57225,1.0
562.57226,0.0
562.57221,0.0
562.57222,0.0
562.57228,0.0
562.57229,0.0
562.5723,0.0
562.57117,0.0
562.57232,0.0
562.57235,1.0
562.57237,0.0
562.57236,0.0
562.5725,1.0
562.57244,0.0
562.57234,0.0
562.57233,0.0
562.57246,0.0
562.57245,0.0
562.57083,1.0
562.57111,0.0
562.5724,0.0
562.57239,0.0
562.57242,0.0
562.57247,1.0
562.57249,1.0
562.57255,1.0
562.57254,1.0
562.57128,0.0
562.57252,1.0
562.57253,1.0
562.5726,1.0
562.57261,1.0
562.57256,1.0
562.57259,1.0
562.57257,1.0
562.57262,1.0
562.57264,1.0
562.57269,0.0
562.57266,1.0
562.57267,1.0
562.57265,1.0
562.57273,1.0
562.57268,1.0
562.57271,1.0
562.57275,1.0
562.57276,1.0
562.57279,1.0
562.57277,1.0
562.57278,1.0
562.57281,1.0
562.57283,1.0
562.57286,1.0
562.5729,1.0
562.57293,1.0
562.57292,1.0
562.57287,1.0
562.57288,1.0
562.57289,1.0
562.57295,1.0
562.57298,1.0
562.57296,1.0
562.57303,1.0
562.57322,1.0
562.57321,0.0
562.57323,1.0
562.57319,0.0
562.57326,0.0
562.57125,0.0
562.5733,0.0
562.57301,0.0
562.573,0.0
562.57305,0.0
562.57306,1.0
562.57311,0.0
562.57309,0.0
562.57314,0.0
562.57315,0.0
562.57313,0.0
562.57308,0.0
562.5731,0.0
562.57316,0.0
562.57317,0.0
562.57076,1.0
562.57078,1.0
562.57079,1.0
562.5708,1.0
562.57081,1.0
562.57082,0.0
562.57085,1.0
562.57086,1.0
562.5709,1.0
562.57092,0.0
562.57093,0.0
562.57094,1.0
562.57096,0.0
562.57098,0.0
562.571,0.0
562.57101,0.0
562.57103,0.0
562.57108,0.0
562.57118,1.0
562.57109,0.0
562.57115,0.0
562.57116,0.0
562.57112,0.0
562.57113,0.0
562.57126,0.0
562.57123,0.0
562.57084,1.0
562.57124,1.0
562.57129,1.0
562.57119,1.0
562.57133,1.0
562.57131,1.0
562.57138,0.0
562.57137,0.0
562.57156,0.0
562.57154,0.0
562.57152,0.0
562.57159,1.0
562.57171,0.0
562.57169,1.0
562.57182,0.0
562.57183,1.0
562.57179,0.0
562.57127,0.0
562.57185,0.0
562.57192,1.0
562.57187,1.0
562.57189,0.0
562.57188,0.0
562.57195,0.0
562.57197,1.0
562.57196,1.0
562.57199,1.0
562.57203,0.0
562.572,0.0
562.57202,0.0
562.57201,1.0
562.5721,0.0
562.57208,1.0
562.57227,0.0
562.57231,0.0
562.57251,0.0
562.57243,0.0
562.57241,1.0
562.57238,1.0
562.57248,1.0
562.57258,1.0
562.57263,1.0
562.5727,1.0
562.57274,1.0
562.5728,1.0
562.57282,1.0
562.57284,1.0
562.57285,1.0
562.57291,1.0
562.57294,1.0
562.57297,0.0
562.57299,0.0
562.5732,0.0
562.57327,0.0
562.57328,0.0
562.57302,0.0
562.57304,0.0
562.57307,0.0
562.57312,0.0
562.57318,0.0
562.57324,0.0
562.57325,0.0
562.57329,0.0
562.57331,0.0
562.57087,1.0
562.57122,0.0
562.57088,1.0
562.57121,0.0
562.5712,1.0
562.5713,1.0
562.57089,1.0
562.57091,1.0
562.57095,0.0
562.57135,0.0
562.57097,0.0
562.57134,0.0
562.57136,0.0
562.57139,0.0
562.5714,0.0
562.57132,0.0
562.57142,0.0
562.57141,0.0
562.57147,0.0
562.57151,0.0
562.57146,0.0
562.56777,1.0
562.58764,0.0
562.58765,0.0
562.56782,1.0
562.17733,0.0
562.56779,1.0
562.5678,1.0
562.56781,1.0
562.56784,1.0
562.56783,1.0
562.56786,1.0
562.56785,1.0
562.56787,1.0
562.56789,1.0
562.56788,1.0
562.56795,1.0
562.56796,1.0
562.56791,1.0
562.5679,1.0
562.56794,1.0
562.56793,1.0
562.568,1.0
562.56792,1.0
562.56798,1.0
562.56797,1.0
562.56799,1.0
562.56804,1.0
562.56805,1.0
562.56803,1.0
562.56806,1.0
562.56802,1.0
562.56801,1.0
562.56807,1.0
562.56808,1.0
562.56809,1.0
562.5681,1.0
562.56811,1.0
562.56812,1.0
562.56816,1.0
562.56814,1.0
562.56815,1.0
562.56819,1.0
562.56818,1.0
562.56813,1.0
562.56817,1.0
562.5682,1.0
562.56821,1.0
562.56822,1.0
562.56823,1.0
562.56824,1.0
562.56828,1.0
562.56827,1.0
562.56829,1.0
562.56826,1.0
562.5683,1.0
562.56825,1.0
562.56831,1.0
562.56832,1.0
562.56833,1.0
562.56836,1.0
562.56835,1.0
562.56834,1.0
562.56838,1.0
562.56837,1.0
562.56852,1.0
562.56841,1.0
562.56839,1.0
562.5684,1.0
562.56842,1.0
562.56843,1.0
562.56844,1.0
562.5685,1.0
562.56849,1.0
562.56847,1.0
562.56845,1.0
562.56851,1.0
562.56848,1.0
562.56846,1.0
562.56853,1.0
562.56854,1.0
562.56858,1.0
562.56855,1.0
562.56861,1.0
562.56862,1.0
562.5686,1.0
562.56859,1.0
562.56863,1.0
562.56856,1.0
562.56857,1.0
562.56864,1.0
562.56865,1.0
562.56866,1.0
562.56873,1.0
562.56871,1.0
562.56869,1.0
562.56867,1.0
562.56872,1.0
562.56868,1.0
562.17359,1.0
562.5687,1.0
562.56875,1.0
562.56874,1.0
562.56877,1.0
562.56876,1.0
562.28805,1.0
562.29007,1.0
562.29006,1.0
562.29008,1.0
562.12959,1.0
562.34086,1.0
562.1296,1.0
562.17722,1.0
562.19632,1.0
562.16325,1.0
562.34088,1.0
562.16326,1.0
562.28389,0.0
562.29139,1.0
562.30362,1.0
562.34085,1.0
562.34089,1.0
562.16327,1.0
562.1762,1.0
562.16324,1.0
562.19823,1.0
562.17721,1.0
562.19633,1.0
562.17621,1.0
562.19631,1.0
562.22426,1.0
562.28565,0.0
562.28435,1.0
562.28567,1.0
562.28566,1.0
562.28434,1.0
562.28563,1.0
562.29003,0.0
562.33281,1.0
562.3328,1.0
562.30435,1.0
562.30434,1.0
562.53932,0.0
562.52722,0.0
562.73352,0.0
562.73355,0.0
562.73358,0.0
562.73354,0.0
562.73347,0.0
562.73364,0.0
562.73348,0.0
562.7335,0.0
562.73351,0.0
562.73393,0.0
562.73357,0.0
562.73367,0.0
562.73346,0.0
562.73392,0.0
562.73353,1.0
562.73349,1.0
562.73356,1.0
562.7336,1.0
562.73365,1.0
562.73359,0.0
562.73368,1.0
562.73369,0.0
562.73366,1.0
562.73363,1.0
562.73398,1.0
562.73376,1.0
562.73378,1.0
562.73385,1.0
562.73382,1.0
562.73386,1.0
562.73379,1.0
562.73377,1.0
562.73387,1.0
562.73374,1.0
562.7337,1.0
562.73373,1.0
562.73372,1.0
562.73381,1.0
562.73383,0.0
562.7338,0.0
562.73396,0.0
562.73397,0.0
562.7339,1.0
562.30349,1.0
562.28132,1.0
562.28131,1.0
562.4276,1.0
562.58773,0.0
562.58774,0.0
562.58775,1.0
562.58776,0.0
562.58777,1.0
562.58779,0.0
562.58778,0.0
562.5878,0.0
562.58781,0.0
562.58782,0.0
562.58783,0.0
562.58784,0.0
562.58785,0.0
562.58786,0.0
562.58769,0.0
562.5877,0.0
562.58787,0.0
562.58788,0.0
562.58771,0.0
562.58789,0.0
562.58791,0.0
562.5879,0.0
562.58792,0.0
562.58772,0.0
562.12961,1.0
562.5744,1.0
562.57441,1.0
562.57448,1.0
562.57442,1.0
562.57443,1.0
562.57446,1.0
562.42761,0.0
562.42762,0.0
562.13502,1.0
562.50308,0.0
562.50309,0.0
562.4282,1.0
562.42821,1.0
562.42822,1.0
562.42823,1.0
562.42824,1.0
562.42825,1.0
562.42826,1.0
562.42827,1.0
562.42828,1.0
562.42829,1.0
562.4283,1.0
562.42831,1.0
562.42832,1.0
562.42833,1.0
562.42834,1.0
562.42835,1.0
562.42836,0.0
562.42837,0.0
562.42838,0.0
562.42839,0.0
562.4284,1.0
562.42841,1.0
562.42842,1.0
562.42843,1.0
562.42844,0.0
562.42845,0.0
562.42846,1.0
562.42847,0.0
562.42848,0.0
562.42849,1.0
562.4285,1.0
562.42851,1.0
562.42852,1.0
562.42853,1.0
562.42854,1.0
562.42855,1.0
562.42856,1.0
562.42857,1.0
562.42858,0.0
562.42859,1.0
562.4286,1.0
562.42861,1.0
562.42862,1.0
562.42863,1.0
562.42864,0.0
562.42865,1.0
562.42866,1.0
562.42867,1.0
562.42868,1.0
562.42869,1.0
562.4287,1.0
562.42871,1.0
562.42872,1.0
562.42873,1.0
562.88799,1.0
562.57472,1.0
562.57475,1.0
562.57476,1.0
562.57478,1.0
562.57473,1.0
562.57363,1.0
562.57445,1.0
562.57479,1.0
562.57444,1.0
562.57368,1.0
562.57369,1.0
562.57474,1.0
562.57477,1.0
562.57447,1.0
562.5748,1.0
562.57371,1.0
562.57481,1.0
562.5737,1.0
562.57449,1.0
562.57458,1.0
562.57482,1.0
562.57483,1.0
562.57453,1.0
562.5745,1.0
562.57484,1.0
562.57485,1.0
562.57492,1.0
562.57367,1.0
562.57457,1.0
562.57459,1.0
562.57488,1.0
562.57455,1.0
562.57365,1.0
562.57452,1.0
562.57468,1.0
562.57487,1.0
562.57491,1.0
562.57456,1.0
562.5749,1.0
562.57366,1.0
562.57489,1.0
562.57364,1.0
562.57486,1.0
562.57493,1.0
562.57372,1.0
562.57373,1.0
562.57501,1.0
562.57499,1.0
562.57374,1.0
562.575,1.0
562.57451,1.0
562.57498,1.0
562.57375,1.0
562.57497,1.0
562.57503,1.0
562.57502,1.0
562.57454,1.0
562.57496,1.0
562.57495,1.0
562.57381,1.0
562.57382,1.0
562.57465,1.0
562.57466,1.0
562.57494,1.0
562.5738,1.0
562.57378,1.0
562.57464,1.0
562.57504,1.0
562.57506,1.0
562.57462,1.0
562.57505,1.0
562.12962,1.0
562.57379,1.0
562.5746,1.0
562.57377,1.0
562.5751,1.0
562.5747,1.0
562.57376,1.0
562.57509,1.0
562.57508,1.0
562.57384,1.0
562.57507,1.0
562.57469,1.0
562.57467,1.0
562.56879,1.0
562.56878,1.0
562.56882,1.0
562.56883,1.0
562.56884,1.0
562.56881,1.0
562.5688,1.0
562.56885,1.0
562.56886,1.0
562.56887,1.0
562.56888,1.0
562.56889,1.0
562.56895,1.0
562.56892,1.0
562.5689,1.0
562.56891,1.0
562.56893,1.0
562.56894,1.0
562.56896,1.0
562.56897,1.0
562.56898,1.0
562.56899,1.0
562.56902,1.0
562.569,1.0
562.56901,1.0
562.56904,1.0
562.56903,1.0
562.56906,1.0
562.56907,1.0
562.56905,1.0
562.56908,1.0
562.56909,1.0
562.5691,1.0
562.56911,1.0
562.56918,1.0
562.56916,1.0
562.56914,1.0
562.56912,1.0
562.56917,1.0
562.56913,1.0
562.56915,1.0
562.56919,1.0
562.5692,1.0
562.56921,1.0
562.56922,1.0
562.57385,1.0
562.57383,1.0
562.57386,1.0
562.57387,1.0
562.57393,1.0
562.57391,1.0
562.57392,1.0
562.5739,1.0
562.57388,1.0
562.57389,1.0
562.57394,1.0
562.57397,1.0
562.57395,1.0
562.57396,1.0
562.57404,1.0
562.574,1.0
562.57401,1.0
562.57403,1.0
562.57402,1.0
562.57405,1.0
562.57411,1.0
562.57412,1.0
562.57415,1.0
562.57414,1.0
562.57413,1.0
562.57407,1.0
562.57408,1.0
562.57409,1.0
562.5741,1.0
562.57406,1.0
562.57416,1.0
562.57418,1.0
562.57461,1.0
562.57463,1.0
562.57471,1.0
562.57399,1.0
562.57398,1.0
562.57417,1.0
562.57426,1.0
562.57423,1.0
562.57424,1.0
562.57425,1.0
562.5742,1.0
562.57422,1.0
562.57419,1.0
562.57421,1.0
562.57429,1.0
562.57428,1.0
562.57427,1.0
562.5743,1.0
562.57433,1.0
562.57434,1.0
562.57437,1.0
562.57436,1.0
562.57435,1.0
562.57431,1.0
562.57432,1.0
562.57438,1.0
562.57439,1.0
562.1909,1.0
